-- phpMyAdmin SQL Dump
-- version 5.2.1
-- https://www.phpmyadmin.net/
--
-- Servidor: 127.0.0.1
-- Tiempo de generación: 19-09-2025 a las 04:48:12
-- Versión del servidor: 10.4.32-MariaDB
-- Versión de PHP: 8.2.12

SET SQL_MODE = "NO_AUTO_VALUE_ON_ZERO";
START TRANSACTION;
SET time_zone = "+00:00";


/*!40101 SET @OLD_CHARACTER_SET_CLIENT=@@CHARACTER_SET_CLIENT */;
/*!40101 SET @OLD_CHARACTER_SET_RESULTS=@@CHARACTER_SET_RESULTS */;
/*!40101 SET @OLD_COLLATION_CONNECTION=@@COLLATION_CONNECTION */;
/*!40101 SET NAMES utf8mb4 */;

--
-- Base de datos: `sicut_2024`
--

-- --------------------------------------------------------

--
-- Estructura de tabla para la tabla `departamentos`
--

CREATE TABLE `departamentos` (
  `id` int(11) NOT NULL,
  `nombre` varchar(100) NOT NULL
) ENGINE=InnoDB DEFAULT CHARSET=utf8mb4 COLLATE=utf8mb4_general_ci;

--
-- Volcado de datos para la tabla `departamentos`
--

INSERT INTO `departamentos` (`id`, `nombre`) VALUES
(1, 'Amazonas'),
(2, 'Antioquia'),
(3, 'Arauca'),
(4, 'Atlántico'),
(5, 'Bolívar'),
(6, 'Boyacá'),
(7, 'Caldas'),
(8, 'Caquetá'),
(9, 'Casanare'),
(10, 'Cauca'),
(11, 'Cesar'),
(12, 'Chocó'),
(13, 'Córdoba'),
(14, 'Cundinamarca'),
(15, 'Guainía'),
(16, 'Guaviare'),
(17, 'Huila'),
(18, 'La Guajira'),
(19, 'Magdalena'),
(20, 'Meta'),
(21, 'Nariño'),
(22, 'Norte de Santander'),
(23, 'Putumayo'),
(24, 'Quindío'),
(25, 'Risaralda'),
(26, 'San Andrés y Providencia'),
(27, 'Santander'),
(28, 'Sucre'),
(29, 'Tolima'),
(30, 'Valle del Cauca'),
(31, 'Vaupés'),
(32, 'Vichada'),
(33, 'otro'),
(34, 'Bogotá DC');

-- --------------------------------------------------------

--
-- Estructura de tabla para la tabla `municipios`
--

CREATE TABLE `municipios` (
  `id` int(11) NOT NULL,
  `nombre` varchar(100) DEFAULT NULL,
  `id_departamento` int(11) NOT NULL
) ENGINE=InnoDB DEFAULT CHARSET=utf8mb4 COLLATE=utf8mb4_general_ci;

--
-- Volcado de datos para la tabla `municipios`
--

INSERT INTO `municipios` (`id`, `nombre`, `id_departamento`) VALUES
(1, 'El Encanto', 1),
(2, 'La Chorrera', 1),
(3, 'La Pedrera', 1),
(4, 'Leticia', 1),
(5, 'Miriti - Paraná', 1),
(6, 'Puerto Alegría', 1),
(7, 'Puerto Arica', 1),
(8, 'Puerto Nariño', 1),
(9, 'Puerto Santander', 1),
(10, 'Tarapacá', 1),
(11, 'Abejorral', 2),
(12, 'Abriaquí', 2),
(13, 'Alejandría', 2),
(14, 'Amagá', 2),
(15, 'Amalfi', 2),
(16, 'Andes', 2),
(17, 'Angelópolis', 2),
(18, 'Angostura', 2),
(19, 'Anorí', 2),
(20, 'Anzá', 2),
(21, 'Apartadó', 2),
(22, 'Arboletes', 2),
(23, 'Argelia', 2),
(24, 'Armenia', 2),
(25, 'Barbosa', 2),
(26, 'Belmira', 2),
(27, 'Betania', 2),
(28, 'Betulia', 2),
(29, 'Briceño', 2),
(30, 'Buriticá', 2),
(31, 'Cáceres', 2),
(32, 'Caicedo', 2),
(33, 'Caldas', 2),
(34, 'Campamento', 2),
(35, 'Cañasgordas', 2),
(36, 'Caracolí', 2),
(37, 'Caramanta', 2),
(38, 'Carepa', 2),
(39, 'Carolina del Príncipe', 2),
(40, 'Caucasia', 2),
(41, 'Chigorodó', 2),
(42, 'Cisneros', 2),
(43, 'Ciudad Bolívar', 2),
(44, 'Cocorná', 2),
(45, 'Concepción', 2),
(46, 'Concordia', 2),
(47, 'Copacabana', 2),
(48, 'Dabeiba', 2),
(49, 'Donmatías', 2),
(50, 'Ebéjico', 2),
(51, 'El Bagre', 2),
(52, 'Entrerríos', 2),
(53, 'Envigado', 2),
(54, 'Fredonia', 2),
(55, 'Frontino', 2),
(56, 'Giraldo', 2),
(57, 'Girardota', 2),
(58, 'Gómez Plata', 2),
(59, 'Granada', 2),
(60, 'Guadalupe', 2),
(61, 'Guarne', 2),
(62, 'Guatapé', 2),
(63, 'Heliconia', 2),
(64, 'Hispania', 2),
(65, 'Itagüí', 2),
(66, 'Ituango', 2),
(67, 'Jardín', 2),
(68, 'Jericó', 2),
(69, 'La Ceja', 2),
(70, 'La Estrella', 2),
(71, 'La Pintada', 2),
(72, 'La Unión', 2),
(73, 'Liborina', 2),
(74, 'Maceo', 2),
(75, 'Marinilla', 2),
(76, 'Medellín', 2),
(77, 'Montebello', 2),
(78, 'Murindó', 2),
(79, 'Mutatá', 2),
(80, 'Nariño', 2),
(81, 'Necoclí', 2),
(82, 'Nechí', 2),
(83, 'Olaya', 2),
(84, 'Peñol', 2),
(85, 'Peque', 2),
(86, 'Pueblorrico', 2),
(87, 'Puerto Berrío', 2),
(88, 'Puerto Nare', 2),
(89, 'Puerto Triunfo', 2),
(90, 'Remedios', 2),
(91, 'Retiro', 2),
(92, 'Rionegro', 2),
(93, 'Sabanalarga', 2),
(94, 'Sabaneta', 2),
(95, 'Salgar', 2),
(96, 'San Andrés de Cuerquía', 2),
(97, 'San Carlos', 2),
(98, 'San Francisco', 2),
(99, 'San Jerónimo', 2),
(100, 'San José de la Montaña', 2),
(101, 'San Juan de Urabá', 2),
(102, 'San Luis', 2),
(103, 'San Pedro de los Milagros', 2),
(104, 'San Pedro de Urabá', 2),
(105, 'San Rafael', 2),
(106, 'San Roque', 2),
(107, 'San Vicente', 2),
(108, 'Santa Bárbara', 2),
(109, 'Santa Fe de Antioquia', 2),
(110, 'Santa Rosa de Osos', 2),
(111, 'Santo Domingo', 2),
(112, 'Segovia', 2),
(113, 'Sonsón', 2),
(114, 'Sopetrán', 2),
(115, 'Támesis', 2),
(116, 'Tarazá', 2),
(117, 'Tarso', 2),
(118, 'Titiribí', 2),
(119, 'Toledo', 2),
(120, 'Turbo', 2),
(121, 'Uramita', 2),
(122, 'Urrao', 2),
(123, 'Valdivia', 2),
(124, 'Valparaíso', 2),
(125, 'Vegachí', 2),
(126, 'Venecia', 2),
(127, 'Vigía del Fuerte', 2),
(128, 'Yalí', 2),
(129, 'Yarumal', 2),
(130, 'Yolombó', 2),
(131, 'Yondó', 2),
(132, 'Zaragoza', 2),
(133, 'Arauca', 3),
(134, 'Arauquita', 3),
(135, 'Cravo Norte', 3),
(136, 'Fortul', 3),
(137, 'Puerto Rondón', 3),
(138, 'Saravena', 3),
(139, 'Tame', 3),
(140, 'Baranoa', 4),
(141, 'Barranquilla', 4),
(142, 'Campo de la Cruz', 4),
(143, 'Candelaria', 4),
(144, 'Galapa', 4),
(145, 'Juan de Acosta', 4),
(146, 'Luruaco', 4),
(147, 'Malambo', 4),
(148, 'Manatí', 4),
(149, 'Palmar de Varela', 4),
(150, 'Piojó', 4),
(151, 'Polonuevo', 4),
(152, 'Ponedera', 4),
(153, 'Puerto Colombia', 4),
(154, 'Repelón', 4),
(155, 'Sabanagrande', 4),
(156, 'Sabanalarga', 4),
(157, 'Santa Lucía', 4),
(158, 'Santo Tomás', 4),
(159, 'Soledad', 4),
(160, 'Suan', 4),
(161, 'Tubará', 4),
(162, 'Usiacurí', 4),
(163, 'Achí', 5),
(164, 'Altos del Rosario', 5),
(165, 'Arenal', 5),
(166, 'Arjona', 5),
(167, 'Arroyohondo', 5),
(168, 'Barranco de Loba', 5),
(169, 'Calamar', 5),
(170, 'Cantagallo', 5),
(171, 'Cartagena de Indias', 5),
(172, 'Cicuco', 5),
(173, 'Clemencia', 5),
(174, 'Córdoba', 5),
(175, 'El Carmen de Bolívar', 5),
(176, 'El Guamo', 5),
(177, 'El Peñón', 5),
(178, 'Hatillo de Loba', 5),
(179, 'Magangué', 5),
(180, 'Mahates', 5),
(181, 'Margarita', 5),
(182, 'María la Baja', 5),
(183, 'Mompós', 5),
(184, 'Montecristo', 5),
(185, 'Morales', 5),
(186, 'Norosí', 5),
(187, 'Pinillos', 5),
(188, 'Regidor', 5),
(189, 'Río Viejo', 5),
(190, 'San Cristóbal', 5),
(191, 'San Estanislao', 5),
(192, 'San Fernando', 5),
(193, 'San Jacinto', 5),
(194, 'San Jacinto del Cauca', 5),
(195, 'San Juan Nepomuceno', 5),
(196, 'San Martín de Loba', 5),
(197, 'San Pablo', 5),
(198, 'Santa Catalina', 5),
(199, 'Santa Rosa', 5),
(200, 'Santa Rosa del Sur', 5),
(201, 'Simití', 5),
(202, 'Soplaviento', 5),
(203, 'Talaigua Nuevo', 5),
(204, 'Tiquisio', 5),
(205, 'Turbaco', 5),
(206, 'Turbaná', 5),
(207, 'Villanueva', 5),
(208, 'Zambrano', 5),
(209, 'Almeida', 6),
(210, 'Aquitania', 6),
(211, 'Arcabuco', 6),
(212, 'Belén', 6),
(213, 'Berbeo', 6),
(214, 'Betéitiva', 6),
(215, 'Boavita', 6),
(216, 'Boyacá', 6),
(217, 'Briceño', 6),
(218, 'Buenavista', 6),
(219, 'Busbanzá', 6),
(220, 'Caldas', 6),
(221, 'Campohermoso', 6),
(222, 'Cerinza', 6),
(223, 'Chinavita', 6),
(224, 'Chiquinquirá', 6),
(225, 'Chiscas', 6),
(226, 'Chita', 6),
(227, 'Chitaraque', 6),
(228, 'Chivatá', 6),
(229, 'Chivor', 6),
(230, 'Ciénega', 6),
(231, 'Cómbita', 6),
(232, 'Coper', 6),
(233, 'Corrales', 6),
(234, 'Covarachía', 6),
(235, 'Cubará', 6),
(236, 'Cucaita', 6),
(237, 'Cuítiva', 6),
(238, 'Duitama', 6),
(239, 'El Cocuy', 6),
(240, 'El Espino', 6),
(241, 'Firavitoba', 6),
(242, 'Floresta', 6),
(243, 'Gachantivá', 6),
(244, 'Gámeza', 6),
(245, 'Garagoa', 6),
(246, 'Guacamayas', 6),
(247, 'Guateque', 6),
(248, 'Guayatá', 6),
(249, 'Güicán', 6),
(250, 'Iza', 6),
(251, 'Jenesano', 6),
(252, 'Jericó', 6),
(253, 'La Capilla', 6),
(254, 'La Uvita', 6),
(255, 'La Victoria', 6),
(256, 'Labranzagrande', 6),
(257, 'Macanal', 6),
(258, 'Maripí', 6),
(259, 'Miraflores', 6),
(260, 'Mongua', 6),
(261, 'Monguí', 6),
(262, 'Moniquirá', 6),
(263, 'Motavita', 6),
(264, 'Muzo', 6),
(265, 'Nobsa', 6),
(266, 'Nuevo Colón', 6),
(267, 'Oicatá', 6),
(268, 'Otanche', 6),
(269, 'Pachavita', 6),
(270, 'Páez', 6),
(271, 'Paipa', 6),
(272, 'Pajarito', 6),
(273, 'Panqueba', 6),
(274, 'Pauna', 6),
(275, 'Paya', 6),
(276, 'Paz de Río', 6),
(277, 'Pesca', 6),
(278, 'Pisba', 6),
(279, 'Puerto Boyacá', 6),
(280, 'Quípama', 6),
(281, 'Ramiriquí', 6),
(282, 'Ráquira', 6),
(283, 'Rondón', 6),
(284, 'Saboyá', 6),
(285, 'Sáchica', 6),
(286, 'Samacá', 6),
(287, 'San Eduardo', 6),
(288, 'San José de Pare', 6),
(289, 'San Luis de Gaceno', 6),
(290, 'San Mateo', 6),
(291, 'San Miguel de Sema', 6),
(292, 'San Pablo de Borbur', 6),
(293, 'Santa María', 6),
(294, 'Santa Rosa de Viterbo', 6),
(295, 'Santa Sofía', 6),
(296, 'Santana', 6),
(297, 'Sativanorte', 6),
(298, 'Sativasur', 6),
(299, 'Siachoque', 6),
(300, 'Soatá', 6),
(301, 'Socotá', 6),
(302, 'Socha', 6),
(303, 'Sogamoso', 6),
(304, 'Somondoco', 6),
(305, 'Sora', 6),
(306, 'Soracá', 6),
(307, 'Sotaquirá', 6),
(308, 'Susacón', 6),
(309, 'Sutamarchán', 6),
(310, 'Sutatenza', 6),
(311, 'Tasco', 6),
(312, 'Tenza', 6),
(313, 'Tibaná', 6),
(314, 'Tibasosa', 6),
(315, 'Tinjacá', 6),
(316, 'Tipacoque', 6),
(317, 'Toca', 6),
(318, 'Togüí', 6),
(319, 'Tópaga', 6),
(320, 'Tota', 6),
(321, 'Tunja', 6),
(322, 'Tununguá', 6),
(323, 'Turmequé', 6),
(324, 'Tuta', 6),
(325, 'Tutazá', 6),
(326, 'Úmbita', 6),
(327, 'Ventaquemada', 6),
(328, 'Villa de Leyva', 6),
(329, 'Viracachá', 6),
(330, 'Zetaquira', 6),
(331, 'Aguadas', 7),
(332, 'Anserma', 7),
(333, 'Aranzazu', 7),
(334, 'Belalcázar', 7),
(335, 'Chinchiná', 7),
(336, 'Filadelfia', 7),
(337, 'La Dorada', 7),
(338, 'La Merced', 7),
(339, 'Manizales', 7),
(340, 'Manzanares', 7),
(341, 'Marmato', 7),
(342, 'Marquetalia', 7),
(343, 'Marulanda', 7),
(344, 'Neira', 7),
(345, 'Norcasia', 7),
(346, 'Pacora', 7),
(347, 'Palestina', 7),
(348, 'Pensilvania', 7),
(349, 'Riosucio', 7),
(350, 'Risaralda', 7),
(351, 'Salamina', 7),
(352, 'Samaná', 7),
(353, 'San José', 7),
(354, 'Supía', 7),
(355, 'Victoria', 7),
(356, 'Villamaría', 7),
(357, 'Viterbo', 7),
(358, 'Albania', 8),
(359, 'Belén de los Andaquíes', 8),
(360, 'Cartagena del Chairá', 8),
(361, 'Curillo', 8),
(362, 'El Doncello', 8),
(363, 'El Paujil', 8),
(364, 'Florencia', 8),
(365, 'La Montañita', 8),
(366, 'Milán', 8),
(367, 'Morelia', 8),
(368, 'Puerto Rico', 8),
(369, 'San José del Fragua', 8),
(370, 'San Vicente del Caguán', 8),
(371, 'Solano', 8),
(372, 'Solita', 8),
(373, 'Valparaíso', 8),
(374, 'Aguazul', 9),
(375, 'Chámeza', 9),
(376, 'Hato Corozal', 9),
(377, 'La Salina', 9),
(378, 'Maní', 9),
(379, 'Monterrey', 9),
(380, 'Nunchía', 9),
(381, 'Orocué', 9),
(382, 'Paz de Ariporo', 9),
(383, 'Pore', 9),
(384, 'Recetor', 9),
(385, 'Sabanalarga', 9),
(386, 'Sácama', 9),
(387, 'San Luis de Palenque', 9),
(388, 'Támara', 9),
(389, 'Tauramena', 9),
(390, 'Trinidad', 9),
(391, 'Villanueva', 9),
(392, 'Yopal', 9),
(393, 'Almaguer', 10),
(394, 'Argelia', 10),
(395, 'Balboa', 10),
(396, 'Bolívar', 10),
(397, 'Buenos Aires', 10),
(398, 'Cajibío', 10),
(399, 'Caldono', 10),
(400, 'Caloto', 10),
(401, 'Corinto', 10),
(402, 'El Tambo', 10),
(403, 'Florencia', 10),
(404, 'Guachené', 10),
(405, 'Guapi', 10),
(406, 'Inzá', 10),
(407, 'Jambaló', 10),
(408, 'La Sierra', 10),
(409, 'La Vega', 10),
(410, 'López de Micay', 10),
(411, 'Mercaderes', 10),
(412, 'Miranda', 10),
(413, 'Morales', 10),
(414, 'Padilla', 10),
(415, 'Patía', 10),
(416, 'Piamonte', 10),
(417, 'Piendamó', 10),
(418, 'Popayán', 10),
(419, 'Puerto Tejada', 10),
(420, 'Puracé', 10),
(421, 'Rosas', 10),
(422, 'San Sebastián', 10),
(423, 'Santa Rosa', 10),
(424, 'Santander de Quilichao', 10),
(425, 'Silvia', 10),
(426, 'Sotará', 10),
(427, 'Suárez', 10),
(428, 'Sucre', 10),
(429, 'Timbío', 10),
(430, 'Timbiquí', 10),
(431, 'Toribío', 10),
(432, 'Totoró', 10),
(433, 'Villa Rica', 10),
(434, 'Aguachica', 11),
(435, 'Agustín Codazzi', 11),
(436, 'Astrea', 11),
(437, 'Becerril', 11),
(438, 'Bosconia', 11),
(439, 'Chimichagua', 11),
(440, 'Chiriguaná', 11),
(441, 'Curumaní', 11),
(442, 'El Copey', 11),
(443, 'El Paso', 11),
(444, 'Gamarra', 11),
(445, 'González', 11),
(446, 'La Gloria', 11),
(447, 'La Jagua de Ibirico', 11),
(448, 'La Paz', 11),
(449, 'Manaure Balcón del Cesar', 11),
(450, 'Pailitas', 11),
(451, 'Pelaya', 11),
(452, 'Pueblo Bello', 11),
(453, 'Río de Oro', 11),
(454, 'San Alberto', 11),
(455, 'San Diego', 11),
(456, 'San Martín', 11),
(457, 'Tamalameque', 11),
(458, 'Valledupar', 11),
(459, 'Acandí', 12),
(460, 'Alto Baudó', 12),
(461, 'Bagadó', 12),
(462, 'Bahía Solano', 12),
(463, 'Bajo Baudó', 12),
(464, 'Bojayá', 12),
(465, 'Carmen del Darién', 12),
(466, 'Cértegui', 12),
(467, 'Condoto', 12),
(468, 'El Carmen de Atrato', 12),
(469, 'Istmina', 12),
(470, 'Juradó', 12),
(471, 'Litoral de San Juan', 12),
(472, 'Medio Atrato', 12),
(473, 'Medio Baudó', 12),
(474, 'Medio San Juan', 12),
(475, 'Nóvita', 12),
(476, 'Nuquí', 12),
(477, 'Quibdó', 12),
(478, 'Río Iro', 12),
(479, 'Río Quito', 12),
(480, 'Riosucio', 12),
(481, 'San José del Palmar', 12),
(482, 'Sipí', 12),
(483, 'Tadó', 12),
(484, 'Unguía', 12),
(485, 'Unión Panamericana', 12),
(486, 'Ayapel', 13),
(487, 'Buenavista', 13),
(488, 'Canalete', 13),
(489, 'Cereté', 13),
(490, 'Chimá', 13),
(491, 'Chinú', 13),
(492, 'Ciénaga de Oro', 13),
(493, 'Cotorra', 13),
(494, 'La Apartada', 13),
(495, 'Lorica', 13),
(496, 'Los Córdobas', 13),
(497, 'Momil', 13),
(498, 'Montelíbano', 13),
(499, 'Montería', 13),
(500, 'Moñitos', 13),
(501, 'Planeta Rica', 13),
(502, 'Pueblo Nuevo', 13),
(503, 'Puerto Escondido', 13),
(504, 'Puerto Libertador', 13),
(505, 'Purísima', 13),
(506, 'Sahagún', 13),
(507, 'San Andrés de Sotavento', 13),
(508, 'San Antero', 13),
(509, 'San Bernardo del Viento', 13),
(510, 'San Carlos', 13),
(511, 'San José de Uré', 13),
(512, 'San Pelayo', 13),
(513, 'Tierralta', 13),
(514, 'Tuchín', 13),
(515, 'Valencia', 13),
(516, 'Agua de Dios', 14),
(517, 'Albán', 14),
(518, 'Anapoima', 14),
(519, 'Anolaima', 14),
(520, 'Apulo', 14),
(521, 'Arbeláez', 14),
(522, 'Beltrán', 14),
(523, 'Bituima', 14),
(524, 'Bojacá', 14),
(525, 'Cabrera', 14),
(526, 'Cachipay', 14),
(527, 'Cajicá', 14),
(528, 'Caparrapí', 14),
(529, 'Cáqueza', 14),
(530, 'Carmen de Carupa', 14),
(531, 'Chaguaní', 14),
(532, 'Chía', 14),
(533, 'Chipaque', 14),
(534, 'Choachí', 14),
(535, 'Chocontá', 14),
(536, 'Cogua', 14),
(537, 'Cota', 14),
(538, 'Cucunubá', 14),
(539, 'El Colegio', 14),
(540, 'El Peñón', 14),
(541, 'El Rosal', 14),
(542, 'Facatativá', 14),
(543, 'Fomeque', 14),
(544, 'Fosca', 14),
(545, 'Funza', 14),
(546, 'Fúquene', 14),
(547, 'Fusagasugá', 14),
(548, 'Gachalá', 14),
(549, 'Gachancipá', 14),
(550, 'Gachetá', 14),
(551, 'Gama', 14),
(552, 'Girardot', 14),
(553, 'Granada', 14),
(554, 'Guachetá', 14),
(555, 'Guaduas', 14),
(556, 'Guasca', 14),
(557, 'Guataquí', 14),
(558, 'Guatavita', 14),
(559, 'Guayabal de Síquima', 14),
(560, 'Guayabetal', 14),
(561, 'Gutiérrez', 14),
(562, 'Jerusalén', 14),
(563, 'Junín', 14),
(564, 'La Calera', 14),
(565, 'La Mesa', 14),
(566, 'La Palma', 14),
(567, 'La Peña', 14),
(568, 'La Vega', 14),
(569, 'Lenguazaque', 14),
(570, 'Machetá', 14),
(571, 'Madrid', 14),
(572, 'Manta', 14),
(573, 'Medina', 14),
(574, 'Mosquera', 14),
(575, 'Nariño', 14),
(576, 'Nemocón', 14),
(577, 'Nilo', 14),
(578, 'Nimaima', 14),
(579, 'Nocaima', 14),
(580, 'Pacho', 14),
(581, 'Paime', 14),
(582, 'Pandi', 14),
(583, 'Paratebueno', 14),
(584, 'Pasca', 14),
(585, 'Puerto Salgar', 14),
(586, 'Pulí', 14),
(587, 'Quebradanegra', 14),
(588, 'Quetame', 14),
(589, 'Quipile', 14),
(590, 'Ricaurte', 14),
(591, 'San Antonio del Tequendama', 14),
(592, 'San Bernardo', 14),
(593, 'San Cayetano', 14),
(594, 'San Francisco', 14),
(595, 'San Juan de Rioseco', 14),
(596, 'Sasaima', 14),
(597, 'Sesquilé', 14),
(598, 'Sibaté', 14),
(599, 'Silvania', 14),
(600, 'Simijaca', 14),
(601, 'Soacha', 14),
(602, 'Sopó', 14),
(603, 'Subachoque', 14),
(604, 'Suesca', 14),
(605, 'Supatá', 14),
(606, 'Susa', 14),
(607, 'Sutatausa', 14),
(608, 'Tabio', 14),
(609, 'Tausa', 14),
(610, 'Tena', 14),
(611, 'Tenjo', 14),
(612, 'Tibacuy', 14),
(613, 'Tibirita', 14),
(614, 'Tocaima', 14),
(615, 'Tocancipá', 14),
(616, 'Topaipí', 14),
(617, 'Ubalá', 14),
(618, 'Ubaque', 14),
(619, 'Ubaté', 14),
(620, 'Une', 14),
(621, 'Útica', 14),
(622, 'Venecia', 14),
(623, 'Vergara', 14),
(624, 'Viani', 14),
(625, 'Villagómez', 14),
(626, 'Villapinzón', 14),
(627, 'Villeta', 14),
(628, 'Viotá', 14),
(629, 'Yacopí', 14),
(630, 'Zipacón', 14),
(631, 'Zipaquirá', 14),
(632, 'Inírida', 15),
(633, 'Barranco Minas', 15),
(634, 'Mapiripana', 15),
(635, 'San Felipe', 15),
(636, 'Calamar', 16),
(637, 'El Retorno', 16),
(638, 'Miraflores', 16),
(639, 'San José del Guaviare', 16),
(640, 'Acevedo', 17),
(641, 'Aipe', 17),
(642, 'Albania', 17),
(643, 'Algeciras', 17),
(644, 'Altamira', 17),
(645, 'Baraya', 17),
(646, 'Campoalegre', 17),
(647, 'Colombia', 17),
(648, 'Elías', 17),
(649, 'Garzón', 17),
(650, 'Gigante', 17),
(651, 'Guadalupe', 17),
(652, 'Hobo', 17),
(653, 'Íquira', 17),
(654, 'Isnos', 17),
(655, 'La Argentina', 17),
(656, 'La Plata', 17),
(657, 'Nataga', 17),
(658, 'Neiva', 17),
(659, 'Oporapa', 17),
(660, 'Paicol', 17),
(661, 'Palermo', 17),
(662, 'Palestina', 17),
(663, 'Pital', 17),
(664, 'Pitalito', 17),
(665, 'Rivera', 17),
(666, 'Saladoblanco', 17),
(667, 'San Agustín', 17),
(668, 'Santa María', 17),
(669, 'Suaza', 17),
(670, 'Tarqui', 17),
(671, 'Tesalia', 17),
(672, 'Tello', 17),
(673, 'Teruel', 17),
(674, 'Timaná', 17),
(675, 'Villavieja', 17),
(676, 'Yaguará', 17),
(677, 'Albania', 18),
(678, 'Barrancas', 18),
(679, 'Dibulla', 18),
(680, 'Distracción', 18),
(681, 'El Molino', 18),
(682, 'Fonseca', 18),
(683, 'Hatonuevo', 18),
(684, 'La Jagua del Pilar', 18),
(685, 'Maicao', 18),
(686, 'Manaure', 18),
(687, 'Riohacha', 18),
(688, 'San Juan del Cesar', 18),
(689, 'Uribia', 18),
(690, 'Urumita', 18),
(691, 'Villanueva', 18),
(692, 'Algarrobo', 19),
(693, 'Aracataca', 19),
(694, 'Ariguaní', 19),
(695, 'Ciénaga', 19),
(696, 'Concordia', 19),
(697, 'El Banco', 19),
(698, 'El Piñón', 19),
(699, 'El Retén', 19),
(700, 'Fundación', 19),
(701, 'Guamal', 19),
(702, 'Nueva Granada', 19),
(703, 'Pedraza', 19),
(704, 'Pijiño del Carmen', 19),
(705, 'Plato', 19),
(706, 'Puebloviejo', 19),
(707, 'Remolino', 19),
(708, 'Sabanas de San Ángel', 19),
(709, 'Salamina', 19),
(710, 'San Sebastián de Buenavista', 19),
(711, 'San Zenón', 19),
(712, 'Santa Ana', 19),
(713, 'Santa Bárbara de Pinto', 19),
(714, 'Santa Marta (Distrito Turístico, Cultural e Histórico)', 19),
(715, 'Sitionuevo', 19),
(716, 'Tenerife', 19),
(717, 'Acacías', 20),
(718, 'Barranca de Upía', 20),
(719, 'Cabuyaro', 20),
(720, 'Castilla la Nueva', 20),
(721, 'Cubarral', 20),
(722, 'Cumaral', 20),
(723, 'El Calvario', 20),
(724, 'El Castillo', 20),
(725, 'El Dorado', 20),
(726, 'Fuente de Oro', 20),
(727, 'Granada', 20),
(728, 'Guamal', 20),
(729, 'La Macarena', 20),
(730, 'La Uribe', 20),
(731, 'Lejanías', 20),
(732, 'Mapiripán', 20),
(733, 'Mesetas', 20),
(734, 'Puerto Concordia', 20),
(735, 'Puerto Gaitán', 20),
(736, 'Puerto Lleras', 20),
(737, 'Puerto López', 20),
(738, 'Puerto Rico', 20),
(739, 'Restrepo', 20),
(740, 'San Carlos de Guaroa', 20),
(741, 'San Juan de Arama', 20),
(742, 'San Juanito', 20),
(743, 'San Martín', 20),
(744, 'Villavicencio', 20),
(745, 'Vista Hermosa', 20),
(746, 'Albán', 21),
(747, 'Aldana', 21),
(748, 'Ancuya', 21),
(749, 'Arboleda', 21),
(750, 'Barbacoas', 21),
(751, 'Belén', 21),
(752, 'Buesaco', 21),
(753, 'Chachagüí', 21),
(754, 'Colón', 21),
(755, 'Consacá', 21),
(756, 'Contadero', 21),
(757, 'Córdoba', 21),
(758, 'Cuaspud', 21),
(759, 'Cumbal', 21),
(760, 'Cumbitara', 21),
(761, 'El Charco', 21),
(762, 'El Peñol', 21),
(763, 'El Rosario', 21),
(764, 'El Tablón de Gómez', 21),
(765, 'El Tambo', 21),
(766, 'Francisco Pizarro', 21),
(767, 'Funes', 21),
(768, 'Guachucal', 21),
(769, 'Guaitarilla', 21),
(770, 'Gualmatán', 21),
(771, 'Iles', 21),
(772, 'Imués', 21),
(773, 'Ipiales', 21),
(774, 'La Cruz', 21),
(775, 'La Florida', 21),
(776, 'La Llanada', 21),
(777, 'La Tola', 21),
(778, 'La Unión', 21),
(779, 'Leiva', 21),
(780, 'Linares', 21),
(781, 'Los Andes', 21),
(782, 'Magüí Payán', 21),
(783, 'Mallama', 21),
(784, 'Mosquera', 21),
(785, 'Nariño', 21),
(786, 'Olaya Herrera', 21),
(787, 'Ospina', 21),
(788, 'Pasto (San Juan de Pasto)', 21),
(789, 'Policarpa', 21),
(790, 'Potosí', 21),
(791, 'Providencia', 21),
(792, 'Puerres', 21),
(793, 'Pupiales', 21),
(794, 'Ricaurte', 21),
(795, 'Roberto Payán', 21),
(796, 'Samaniego', 21),
(797, 'San Bernardo', 21),
(798, 'San Lorenzo', 21),
(799, 'San Pablo', 21),
(800, 'San Pedro de Cartago', 21),
(801, 'Sandoná', 21),
(802, 'Santa Bárbara', 21),
(803, 'Santacruz', 21),
(804, 'Sapuyes', 21),
(805, 'Sotomayor', 21),
(806, 'Taminango', 21),
(807, 'Tangua', 21),
(808, 'Tumaco', 21),
(809, 'Túquerres', 21),
(810, 'Yacuanquer', 21),
(811, 'Abrego', 22),
(812, 'Arboledas', 22),
(813, 'Bochalema', 22),
(814, 'Bucarasica', 22),
(815, 'Cáchira', 22),
(816, 'Cácota', 22),
(817, 'Chinácota', 22),
(818, 'Chitagá', 22),
(819, 'Convención', 22),
(820, 'Cúcuta', 22),
(821, 'Cucutilla', 22),
(822, 'Durania', 22),
(823, 'El Carmen', 22),
(824, 'El Tarra', 22),
(825, 'El Zulia', 22),
(826, 'Gramalote', 22),
(827, 'Hacarí', 22),
(828, 'Herrán', 22),
(829, 'La Esperanza', 22),
(830, 'La Playa', 22),
(831, 'Labateca', 22),
(832, 'Los Patios', 22),
(833, 'Lourdes', 22),
(834, 'Mutiscua', 22),
(835, 'Ocaña', 22),
(836, 'Pamplona', 22),
(837, 'Pamplonita', 22),
(838, 'Puerto Santander', 22),
(839, 'Ragonvalia', 22),
(840, 'Salazar de Las Palmas', 22),
(841, 'San Calixto', 22),
(842, 'San Cayetano', 22),
(843, 'Santiago', 22),
(844, 'Sardinata', 22),
(845, 'Silos', 22),
(846, 'Teorama', 22),
(847, 'Tibú', 22),
(848, 'Toledo', 22),
(849, 'Villa Caro', 22),
(850, 'Villa del Rosario', 22),
(851, 'Colon', 23),
(852, 'Mocoa', 23),
(853, 'Orito', 23),
(854, 'Puerto Asís', 23),
(855, 'Puerto Caicedo', 23),
(856, 'Puerto Guzmán', 23),
(857, 'Puerto Leguízamo', 23),
(858, 'San Francisco', 23),
(859, 'San Miguel', 23),
(860, 'Santiago', 23),
(861, 'Sibundoy', 23),
(862, 'Valle del Guamuez', 23),
(863, 'Villagarzón', 23),
(864, 'Armenia', 24),
(865, 'Buenavista', 24),
(866, 'Calarcá', 24),
(867, 'Circasia', 24),
(868, 'Córdoba', 24),
(869, 'Filandia', 24),
(870, 'Génova', 24),
(871, 'La Tebaida', 24),
(872, 'Montenegro', 24),
(873, 'Pijao', 24),
(874, 'Quimbaya', 24),
(875, 'Salento', 24),
(876, 'Apía', 25),
(877, 'Balboa', 25),
(878, 'Belén de Umbría', 25),
(879, 'Dosquebradas', 25),
(880, 'Guática', 25),
(881, 'La Celia', 25),
(882, 'La Virginia', 25),
(883, 'Marsella', 25),
(884, 'Mistrató', 25),
(885, 'Pereira (capital del departamento)', 25),
(886, 'Pueblo Rico', 25),
(887, 'Quinchía', 25),
(888, 'Santa Rosa de Cabal', 25),
(889, 'Santuario', 25),
(890, 'San Andrés (incluyendo las islas de San Andrés, Providencia y Santa Catalina)', 26),
(891, 'Providencia y Santa Catalina Islas', 26),
(892, 'Aguada', 27),
(893, 'Albania', 27),
(894, 'Aratoca', 27),
(895, 'Barbosa', 27),
(896, 'Barichara', 27),
(897, 'Barrancabermeja', 27),
(898, 'Betulia', 27),
(899, 'Bolívar', 27),
(900, 'Bucaramanga', 27),
(901, 'Cabrera', 27),
(902, 'California', 27),
(903, 'Capitanejo', 27),
(904, 'Carcasí', 27),
(905, 'Cepitá', 27),
(906, 'Cerrito', 27),
(907, 'Charalá', 27),
(908, 'Charta', 27),
(909, 'Chima', 27),
(910, 'Chipatá', 27),
(911, 'Cimitarra', 27),
(912, 'Concepción', 27),
(913, 'Confines', 27),
(914, 'Contratación', 27),
(915, 'Coromoro', 27),
(916, 'Curití', 27),
(917, 'El Carmen de Chucurí', 27),
(918, 'El Guacamayo', 27),
(919, 'El Peñón', 27),
(920, 'El Playón', 27),
(921, 'Encino', 27),
(922, 'Enciso', 27),
(923, 'Florián', 27),
(924, 'Floridablanca', 27),
(925, 'Galán', 27),
(926, 'Gambita', 27),
(927, 'Girón', 27),
(928, 'Guaca', 27),
(929, 'Guadalupe', 27),
(930, 'Guapotá', 27),
(931, 'Guavatá', 27),
(932, 'Güepsa', 27),
(933, 'Hato', 27),
(934, 'Jesús María', 27),
(935, 'Jordán', 27),
(936, 'La Belleza', 27),
(937, 'La Paz', 27),
(938, 'Landázuri', 27),
(939, 'Lebrija', 27),
(940, 'Los Santos', 27),
(941, 'Macaravita', 27),
(942, 'Málaga', 27),
(943, 'Matanza', 27),
(944, 'Mogotes', 27),
(945, 'Molagavita', 27),
(946, 'Ocamonte', 27),
(947, 'Oiba', 27),
(948, 'Onzaga', 27),
(949, 'Palmar', 27),
(950, 'Palmas del Socorro', 27),
(951, 'Páramo', 27),
(952, 'Piedecuesta', 27),
(953, 'Pinchote', 27),
(954, 'Puente Nacional', 27),
(955, 'Puerto Parra', 27),
(956, 'Puerto Wilches', 27),
(957, 'Rionegro', 27),
(958, 'Sabana de Torres', 27),
(959, 'San Andrés', 27),
(960, 'San Benito', 27),
(961, 'San Gil', 27),
(962, 'San Joaquín', 27),
(963, 'San José de Miranda', 27),
(964, 'San Miguel', 27),
(965, 'San Vicente de Chucurí', 27),
(966, 'Santa Bárbara', 27),
(967, 'Santa Helena del Opón', 27),
(968, 'Simacota', 27),
(969, 'Socorro', 27),
(970, 'Suaita', 27),
(971, 'Sucre', 27),
(972, 'Suratá', 27),
(973, 'Tona', 27),
(974, 'Valle de San José', 27),
(975, 'Vélez', 27),
(976, 'Vetas', 27),
(977, 'Villanueva', 27),
(978, 'Zapatoca', 27),
(979, 'Buenavista', 28),
(980, 'Caimito', 28),
(981, 'Chalán', 28),
(982, 'Colosó', 28),
(983, 'Corozal', 28),
(984, 'Coveñas', 28),
(985, 'El Roble', 28),
(986, 'Galeras', 28),
(987, 'Guaranda', 28),
(988, 'La Unión', 28),
(989, 'Los Palmitos', 28),
(990, 'Majagual', 28),
(991, 'Morroa', 28),
(992, 'Ovejas', 28),
(993, 'Palmito', 28),
(994, 'Sampués', 28),
(995, 'San Benito Abad', 28),
(996, 'San Juan de Betulia', 28),
(997, 'San Marcos', 28),
(998, 'San Onofre', 28),
(999, 'San Pedro', 28),
(1000, 'Sincelejo (capital del departamento)', 28),
(1001, 'Since', 28),
(1002, 'Sucre', 28),
(1003, 'Toluviejo', 28),
(1004, 'Alpujarra', 29),
(1005, 'Alvarado', 29),
(1006, 'Ambalema', 29),
(1007, 'Anzoátegui', 29),
(1008, 'Armero', 29),
(1009, 'Ataco', 29),
(1010, 'Cajamarca', 29),
(1011, 'Carmen de Apicalá', 29),
(1012, 'Casabianca', 29),
(1013, 'Chaparral', 29),
(1014, 'Coello', 29),
(1015, 'Coyaima', 29),
(1016, 'Cunday', 29),
(1017, 'Dolores', 29),
(1018, 'Espinal', 29),
(1019, 'Falan', 29),
(1020, 'Flandes', 29),
(1021, 'Fresno', 29),
(1022, 'Guamo', 29),
(1023, 'Herveo', 29),
(1024, 'Honda', 29),
(1025, 'Ibagué (capital del departamento)', 29),
(1026, 'Icononzo', 29),
(1027, 'Lérida', 29),
(1028, 'Líbano', 29),
(1029, 'Mariquita', 29),
(1030, 'Melgar', 29),
(1031, 'Murillo', 29),
(1032, 'Natagaima', 29),
(1033, 'Ortega', 29),
(1034, 'Palocabildo', 29),
(1035, 'Piedras', 29),
(1036, 'Planadas', 29),
(1037, 'Prado', 29),
(1038, 'Purificación', 29),
(1039, 'Rioblanco', 29),
(1040, 'Rondón', 29),
(1041, 'Roncesvalles', 29),
(1042, 'Rozo', 29),
(1043, 'Saldaña', 29),
(1044, 'San Antonio', 29),
(1045, 'San Luis', 29),
(1046, 'Santa Isabel', 29),
(1047, 'Suárez', 29),
(1048, 'Valle de San Juan', 29),
(1049, 'Venadillo', 29),
(1050, 'Villahermosa', 29),
(1051, 'Villarrica', 29),
(1052, 'Alcalá', 30),
(1053, 'Andalucía', 30),
(1054, 'Ansermanuevo', 30),
(1055, 'Argelia', 30),
(1056, 'Bolívar', 30),
(1057, 'Buenaventura', 30),
(1058, 'Buga', 30),
(1059, 'Bugalagrande', 30),
(1060, 'Caicedonia', 30),
(1061, 'Cali (capital del departamento)', 30),
(1062, 'Calima', 30),
(1063, 'Candelaria', 30),
(1064, 'Cartago', 30),
(1065, 'Dagua', 30),
(1066, 'El Águila', 30),
(1067, 'El Cairo', 30),
(1068, 'El Cerrito', 30),
(1069, 'El Dovio', 30),
(1070, 'Florida', 30),
(1071, 'Ginebra', 30),
(1072, 'Guacarí', 30),
(1073, 'Jamundí', 30),
(1074, 'La Cumbre', 30),
(1075, 'La Unión', 30),
(1076, 'La Victoria', 30),
(1077, 'Obando', 30),
(1078, 'Palmira', 30),
(1079, 'Pradera', 30),
(1080, 'Restrepo', 30),
(1081, 'Riofrío', 30),
(1082, 'Roldanillo', 30),
(1083, 'San Pedro', 30),
(1084, 'Sevilla', 30),
(1085, 'Toro', 30),
(1086, 'Trujillo', 30),
(1087, 'Tuluá', 30),
(1088, 'Ulloa', 30),
(1089, 'Versalles', 30),
(1090, 'Vijes', 30),
(1091, 'Yotoco', 30),
(1092, 'Yumbo', 30),
(1093, 'Zarzal', 30),
(1094, 'Carurú', 31),
(1095, 'Mitú (capital del departamento)', 31),
(1096, 'Taraira', 31),
(1097, 'Cumaribo', 32),
(1098, 'La Primavera', 32),
(1099, 'Puerto Carreño (capital del departamento)', 32),
(1100, 'otro', 33),
(1101, 'Bogotá DC', 34),
(1910, 'Bogota', 14);

-- --------------------------------------------------------

--
-- Estructura de tabla para la tabla `personas`
--

CREATE TABLE `personas` (
  `id` int(11) NOT NULL,
  `id_tipo_identificacion` int(11) NOT NULL,
  `numero_identificacion` bigint(20) NOT NULL,
  `nombres` varchar(30) NOT NULL,
  `apellidos` varchar(30) NOT NULL,
  `telefono` bigint(20) NOT NULL,
  `email` varchar(100) NOT NULL,
  `fecha_nac` date NOT NULL,
  `pais_nac` varchar(20) NOT NULL,
  `id_departamento_nac` int(11) NOT NULL,
  `id_municipio_nac` int(11) NOT NULL,
  `genero` varchar(10) DEFAULT NULL,
  `grupo_etnico` varchar(10) DEFAULT NULL,
  `victima_conflicto` varchar(10) DEFAULT NULL,
  `persona_discapacidad` varchar(10) DEFAULT NULL,
  `migrante` varchar(10) DEFAULT NULL,
  `comunidad_lgbti` varchar(10) DEFAULT NULL,
  `direccion_residencia` varchar(100) NOT NULL,
  `id_municipio_residencia` int(11) NOT NULL,
  `id_departamento_residencia` int(11) NOT NULL,
  `categoria_sisben` varchar(20) DEFAULT NULL,
  `regimen_seguridad_social` varchar(20) DEFAULT NULL,
  `regimen_pension` varchar(20) DEFAULT NULL,
  `cuenta_con_rut` varchar(10) DEFAULT NULL,
  `numero_rut` bigint(20) DEFAULT NULL,
  `nivel_educativo` varchar(100) DEFAULT NULL,
  `titulo_educativo` varchar(100) DEFAULT NULL,
  `terminos` tinyint(1) NOT NULL,
  `ingreso_mensual` text NOT NULL
) ENGINE=InnoDB DEFAULT CHARSET=utf8mb4 COLLATE=utf8mb4_general_ci;

--
-- Volcado de datos para la tabla `personas`
--

INSERT INTO `personas` (`id`, `id_tipo_identificacion`, `numero_identificacion`, `nombres`, `apellidos`, `telefono`, `email`, `fecha_nac`, `pais_nac`, `id_departamento_nac`, `id_municipio_nac`, `genero`, `grupo_etnico`, `victima_conflicto`, `persona_discapacidad`, `migrante`, `comunidad_lgbti`, `direccion_residencia`, `id_municipio_residencia`, `id_departamento_residencia`, `categoria_sisben`, `regimen_seguridad_social`, `regimen_pension`, `cuenta_con_rut`, `numero_rut`, `nivel_educativo`, `titulo_educativo`, `terminos`, `ingreso_mensual`) VALUES
(1, 1, 1078369509, 'Juan Manuel', 'Fonce Camacho', 3057369630, 'foncejuan10@gmail.com', '1993-05-06', 'Colombia', 14, 542, 'Masculino', 'Ninguno', 'No', 'No', 'No', 'No', 'cl 24 # 1 120 t14 apt 602', 571, 14, 'No Sabe / No Respond', 'Afiliado Contributiv', 'Fondo Público', 'No', 0, 'Prof Universidad', 'Ingeniero de Sistemas', 0, ''),
(3, 1, 987654321, 'juan prueba', 'juan prueba', 9876543214, 'foncejuan10@gmail.com', '1993-05-06', 'colombia', 34, 1101, 'Femenino', 'Ninguno', 'No', 'No', 'No', 'No', 'calle 24 # 1 120 ', 1101, 34, 'No Sabe / No Respond', 'Afiliado Contributiv', 'Fondo Público', 'No', 0, 'Prof Postgrado', 'prueba', 0, ''),
(4, 1, 1000257724, 'Natalia', 'Guecha', 3006484839, 'nataliaguecha@gmail.com', '2001-09-07', 'Colombia', 34, 1101, 'Femenino', 'Ninguno', 'No', 'No', 'No', 'No', 'Vereda Chincé', 611, 14, 'Categoria C', 'Beneficiario', 'BEPS', 'No', 0, 'Prof Universidad', 'Gestora cultural', 0, ''),
(5, 1, 52864211, 'Juliana Valentine', 'Schönwald Matallana', 3134400075, 'livawald@gmail.com', '1981-11-13', 'Colombia', 14, 611, 'Femenino', 'Ninguno', 'No', 'No', 'No', 'No', 'Calle 3 nº4-18 / Centro', 611, 14, 'Categoria D', 'Ninguno', 'na', 'Si', 600036974, 'Prof Universidad', 'Ilustradora ', 0, ''),
(6, 1, 1078367607, 'SANDRA MARCELA', 'DEFELIPE DÍAZ', 3102386613, 'SANDRA.DEFELIPEDIAZ@GMAIL.COM', '1989-01-30', 'Colombia', 34, 1101, 'Femenino', 'Ninguno', 'No', 'No', 'No', 'No', 'Finca Simiján- Camellón Pinos-Vereda Chincé', 611, 14, 'Categoria D', 'Afiliado Contributiv', 'Fondo Público', 'Si', 10783676065, 'Prof Universidad', 'Comunicadora social y periodista', 0, ''),
(7, 1, 52998995, 'Liliana Sofía', 'Molina Sierra', 3138882358, 'sofia11molina11@gmail.com', '1984-11-03', 'Colombia', 34, 1101, 'Femenino', 'Ninguno', 'No', 'No', 'No', 'No', 'KM 7 VÍA SIBERIA.TENJO, Finca San Silvestre', 611, 14, 'Categoria C', 'Afiliado Subsidiado', 'BEPS', 'Si', 52998995, 'Prof Universidad', 'Filosofa', 0, ''),
(8, 1, 1004005692, 'Nelson Alejandro', 'Parra Rodriguez', 3134844032, 'nrodriguez.alejandrop@gmail.com', '2001-06-15', 'Colombia', 14, 611, 'Masculino', 'Ninguno', 'No', 'No', 'No', 'No', 'Vereda Chincé - Sector Pan de azúcar', 611, 14, 'Categoria A', 'Afiliado Subsidiado', 'Fondo Público', 'Si', 1004005692, 'Técnico', 'Técnico Auxiliar Administrativo doble certificación', 0, ''),
(9, 1, 1032481349, 'PAULA ANDREA ', 'BERNAL GARCIA', 3017330998, 'paulaabg30@gmail.com', '1996-04-30', 'Colombia', 34, 1101, 'Femenino', 'Ninguno', 'No', 'No', 'No', 'No', 'Vereda Santa Cruz finca Ceilan lote 2', 611, 14, 'No Sabe / No Respond', 'Afiliado Contributiv', 'Fondo Privado', 'Si', 10324813495, 'Prof Universidad', 'Maestra en artes plasticas y visuales ', 0, ''),
(11, 1, 1078372722, 'catalina', 'zoque yzo ', 3148386269, 'cata082062@gmail.com', '1999-03-30', 'colombia', 14, 611, 'Femenino', 'Ninguno', 'No', 'No', 'No', 'No', 'tenjo centro', 611, 14, 'No Sabe / No Respond', 'Afiliado Contributiv', 'Fondo Privado', 'No', 0, 'Secundaria', 'bachiller ', 0, ''),
(12, 1, 1078367970, 'jenny', 'tenjo', 3232854695, 'jennytenjo3@gmail.com', '1989-11-10', 'colombia', 14, 611, 'Femenino', 'Ninguno', 'No', 'No', 'No', 'No', 'vereda chitasuga', 611, 14, 'Categoria C', 'Afiliado Contributiv', 'Fondo Privado', 'No', 0, 'Secundaria', 'bachiller', 0, ''),
(13, 1, 1078368947, 'Nancy Paola', 'Zapata Medina', 3197772521, 'tallerjuguetestenjo@gmail.com', '1992-01-12', 'Colombia', 14, 611, 'Femenino', 'Ninguno', 'No', 'No', 'No', 'No', 'Calle 3 # 1C 25 - 31', 611, 14, 'Categoria D', 'na', 'Fondo Público', 'Si', 1078368947, 'Prof Universidad', 'Diseñadora Gráfica', 0, ''),
(14, 1, 20995259, 'Sandra', 'Diaz Gomez ', 3208368740, 'andromedacupido@gmail.com', '1978-11-27', 'Colombia ', 14, 611, 'Femenino', 'Ninguno', 'No', 'Si', 'No', 'No', 'Vereda Chitasuga camellón santa rosa finca el refugio ', 611, 14, 'Categoria C', 'Afiliado Subsidiado', 'na', 'Si', 20995259, 'Técnico', 'Técnico comercial ', 0, ''),
(15, 1, 52419888, 'Maria José', 'Casasbuenas Ortiz', 3113545073, 'mariajose.casasbuenas@gmail.com', '1977-01-11', 'Colombia', 14, 571, 'Femenino', 'Ninguno', 'No', 'No', 'No', 'No', 'Finca San Camilo. Camellon Palma Vieja. Vda. El Chacal. Km 7  Siberia Tenjo', 611, 14, 'No Sabe / No Respond', 'Afiliado Contributiv', 'Fondo Público', 'Si', 52419888, 'Prof Postgrado', 'Magister en Estudios Culturales', 0, ''),
(16, 1, 1078371151, 'Jefferson Enrique ', 'Cruz Doria ', 314413432, 'jefren56@gmail.com', '1996-07-05', 'Colombia ', 34, 1101, 'Masculino', 'Ninguno', 'No', 'No', 'No', 'No', 'Vrda Chince sector los pinos finca la victoria ', 611, 14, 'Categoria C', 'Afiliado Subsidiado', 'na', 'Si', 1078371151, 'Tecnólogo', 'Gestión administrativa ', 0, ''),
(17, 1, 17192713, 'Jorge Enrique ', 'Castillo Pinilla ', 3016140821, 'jorgecaspin@gmail.com', '1947-03-10', 'Colombia ', 34, 1101, 'Masculino', 'Ninguno', 'No', 'No', 'No', 'No', 'Urbanización el Ocal Manzana \"L\" casa 1 ', 611, 14, 'Categoria D', 'Beneficiario', 'BEPS', 'Si', 171917133, 'Técnico', 'Dibujo Técnico ', 0, ''),
(19, 1, 19341070, 'Luis Carlos', 'Piña Lopez', 3102393983, 'luiscpina@gmail.com', '1958-05-10', 'Colombia', 27, 900, 'na', 'Ninguno', 'No', 'No', 'No', 'No', 'Camellón La Pavera parte alta - sector los Enriquez, Vereda Chincé, Tenjo', 611, 14, 'Categoria C', 'Afiliado Contributiv', 'Fondo Público', 'Si', 193410708, 'Prof Universidad', 'Ingeniero ', 0, ''),
(20, 1, 19341, 'Luis Carlos', 'Piña Lopez', 3102393983, 'luiscpina@gmail.com', '1958-05-10', 'Colombia', 27, 900, 'Masculino', 'Ninguno', 'No', 'No', 'No', 'No', 'Camellón La Pavera parte alta - sector los Enríquez, Vereda Chincé', 611, 14, 'Categoria C', 'Afiliado Contributiv', 'Fondo Público', 'Si', 193410708, 'Prof Universidad', 'Ingeniero ', 0, ''),
(21, 1, 63325473, 'Maria Luisa', 'Hincapie Vargas', 3044061177, 'ForestOfOrchidsRN@gmail.com', '1966-05-27', 'Colombia', 27, 900, 'Femenino', 'Ninguno', 'No', 'No', 'No', 'No', 'Camellón La Pavera parte alta - sector los Enríquez, Vereda Chincé', 611, 14, 'Categoria C', 'Afiliado Contributiv', 'Fondo Público', 'Si', 633254735, 'Prof Postgrado', 'Magister en Desarrollo Educativo y Social', 0, ''),
(22, 1, 1001097647, 'Santiago ', 'Niño Vega', 3014468959, 'sickvega7@gmail.com', '2001-01-29', 'Colombia', 34, 1101, 'Masculino', 'Ninguno', 'No', 'No', 'No', 'No', 'Churuguaco bajo, camellón los venados', 611, 14, 'Categoria D', 'Afiliado Contributiv', 'Fondo Privado', 'Si', 1001097647, 'Técnico', 'Diseñador sonoro', 0, ''),
(23, 1, 51798598, 'Elizabeth', 'Mora Fontecha', 3172133201, 'elisheva.arom@gmail.com', '1965-10-07', 'Colombia', 34, 1101, 'Femenino', 'Ninguno', 'No', 'No', 'No', 'No', 'Casa San Gabriel, salida a la cascajera, Vereda Chitasuga', 611, 14, 'Categoria D', 'Afiliado Contributiv', 'Fondo Público', 'Si', 517985982, 'Prof Postgrado', 'Especialista en Educación Artística Integral', 0, ''),
(24, 1, 20995723, 'Kelly Johana ', 'Rico Millan ', 3172222314, 'tiguazetravel@gmail.com', '1983-04-01', 'Colombia', 14, 543, 'Femenino', 'Ninguno', 'No', 'No', 'No', 'No', 'Finca Villa Sofia Conjunto Meridor Tenjo', 611, 14, 'Categoria C', 'Afiliado Contributiv', 'Fondo Privado', 'Si', 209957239, 'Tecnólogo', 'Tecnólogo en Guianza Turística', 0, ''),
(25, 1, 1078366167, 'Alexandra ', 'Sierra paez ', 3168522678, 'Alexandrasierrapaez@gmail.com', '1986-03-29', 'Colombia ', 14, 619, 'Femenino', 'Ninguno', 'No', 'No', 'No', 'No', 'La huerta ', 611, 14, 'Categoria C', 'Afiliado Subsidiado', 'na', 'Si', 1078366167, 'Técnico', 'Construcción estructura de guadua sena', 0, ''),
(26, 1, 1007423371, 'miguel anguel ', 'ballesteros rodriguez ', 3138549322, 'blafloroto@outlook.es', '2000-06-14', 'colombia ', 14, 580, 'Masculino', 'Ninguno', 'No', 'Si', 'No', 'No', 'cra 3#8-59', 611, 14, 'Categoria C', 'Beneficiario', 'na', 'Si', 1007423371, 'Ninguno', '', 0, ''),
(27, 1, 1022332418, 'nidia marcela ', 'vargas charry', 3143669628, 'blafloroto@outlook.es', '1987-03-12', 'colombia ', 14, 611, 'Femenino', 'Ninguno', 'No', 'Si', 'No', 'No', 'vereda chitasuga ', 611, 14, 'Categoria C', 'Afiliado Subsidiado', 'na', 'No', 0, 'Primaria', '', 0, ''),
(28, 1, 1116435562, 'john fredy', 'sifuentes gonzalez ', 3156856620, 'blafloroto@outlook.es', '1987-10-31', 'colombia ', 30, 1093, 'Masculino', 'Ninguno', 'No', 'Si', 'No', 'No', 'cra 3#2-06 tenjo', 611, 14, 'Categoria C', 'Afiliado Subsidiado', 'na', 'No', 0, 'Primaria', '', 0, ''),
(29, 1, 1076621831, 'emma victoria ', 'farfan castellanos ', 3195835987, 'blafloroto@outlook.es', '1990-01-24', 'colombia', 14, 611, 'Femenino', 'Ninguno', 'No', 'Si', 'No', 'No', 'vereda juaica ', 611, 14, 'Categoria D', 'Beneficiario', 'na', 'No', 0, 'Primaria', '', 0, ''),
(30, 1, 1078368090, 'angelica maria ', 'Nemocón rodríguez ', 3125321552, 'blafloroto@outlook.es', '1990-02-13', 'colombia', 14, 611, 'Femenino', 'Ninguno', 'No', 'Si', 'No', 'No', 'vereda santa cruz ', 611, 14, 'Categoria C', 'Afiliado Subsidiado', 'na', 'No', 0, 'Primaria', '', 0, ''),
(31, 1, 19304805, 'Francisco Javier ', 'Montoya Monroy', 3233897813, 'franciscojaviermontoyamonroy@gmail.com', '1955-04-08', 'Colombia', 34, 1101, 'Masculino', 'Ninguno', 'No', 'No', 'No', 'No', 'Vereda Juaica, camellòn La Pavita, predio La Esperanza', 611, 14, 'No Sabe / No Respond', 'Afiliado Contributiv', 'na', 'Si', 193048057, 'Secundaria', 'Bachiller. Universitario sin grado', 0, ''),
(32, 1, 20205654, 'Maria del Carmen ', 'Bayona de López', 3203225277, 'kros19730410@gmail.com', '1940-07-05', 'Colombia', 6, 277, 'Femenino', 'Otro', 'No', 'No', 'No', 'No', 'Carrera 5 # 3 - 14 Centro ', 611, 14, 'Categoria D', 'Afiliado Contributiv', 'Fondo Público', 'Si', 20205654, 'Tecnólogo', 'Auxiliar de  enfermería', 0, ''),
(33, 1, 1078369739, 'jhon jairo ', 'venegas castalleda ', 3222422964, 'blafloroto@outlook.es', '1993-10-06', 'colombia ', 14, 611, 'Masculino', 'Ninguno', 'No', 'Si', 'No', 'No', 'centro tenjo ', 611, 14, 'Categoria C', 'Afiliado Subsidiado', 'na', 'No', 0, 'Primaria', '', 0, ''),
(34, 1, 1078372461, 'lorena', 'espitia macias ', 3232275030, 'blafloroto@outlook.es', '1998-11-17', 'colombia', 14, 611, 'Femenino', 'Ninguno', 'No', 'Si', 'No', 'No', 'vereda la pavera ', 611, 14, 'Categoria C', 'Beneficiario', 'na', 'No', 0, 'Primaria', '', 0, ''),
(35, 1, 1077062025, 'Carlos Andres ', 'Ramirez Gonzalez', 3138820863, 'carlips_r@icloud.com', '2004-03-23', 'Colombia', 14, 608, 'Masculino', 'Ninguno', 'No', 'No', 'No', 'No', 'Tranversal 1g 1b 97 Hacienda el recreo ', 611, 14, 'Categoria D', 'Especial', 'na', 'No', 0, 'Secundaria', 'Bachiller', 0, ''),
(36, 1, 1014736903, 'Nabil Alfredo ', 'Rodríguez Mora', 3156648820, 'themencrep@gmail.com', '2004-05-17', 'Colombia', 34, 1101, 'Masculino', 'Ninguno', 'No', 'No', 'No', 'No', 'Casa San Gabriel, Vereda Chitasuga.', 611, 14, 'Categoria D', 'Beneficiario', 'Fondo Privado', 'Si', 1014736903, 'Secundaria', '', 0, ''),
(37, 1, 1032435418, 'IRMA RUTH', 'RODRÍGUEZ CORTÉS', 3142299814, 'bonlypizza@hotmail.com', '1990-02-21', 'Colombia', 14, 532, 'Femenino', 'Ninguno', 'No', 'No', 'No', 'No', 'Calle 2 No. 11 - 07 casa 1', 611, 14, 'No Sabe / No Respond', 'Afiliado Contributiv', 'Fondo Público', 'Si', 1032435418, 'Prof Universidad', 'Publicista', 0, ''),
(38, 1, 20995905, 'SANDRA VIVIANA', 'González González', 3133890541, 'svivianagonzalezg@gmail.com', '1984-08-27', 'Colombia', 14, 611, 'Femenino', 'Ninguno', 'No', 'No', 'No', 'No', 'Vereda carrasquilla camellón 13 Condominio Bosques de Agualarga Granja 3', 611, 14, 'Categoria D', 'Afiliado Contributiv', 'Fondo Público', 'Si', 141184107647, 'Prof Postgrado', 'Abogada', 0, ''),
(39, 1, 79159196, 'William Ricardo ', 'Ospino Forero', 3245421656, 'williamospinoescultor@gmail.com', '1966-06-26', 'Colombia', 34, 1101, 'Masculino', 'Ninguno', 'No', 'No', 'No', 'No', 'Vereda Chince', 611, 14, 'No Sabe / No Respond', 'Ninguno', 'BEPS', 'Si', 0, 'Secundaria', 'Escultor', 0, ''),
(40, 1, 1018504975, '(Anny) Andres Felipe', 'Sutachan Trujillo', 3196607001, 'andresfelipe.st@gmail.com', '1998-12-08', 'Colombia', 14, 611, 'Otro', 'Ninguno', 'No', 'No', 'No', 'Si', 'Cra. 7 #6-48, Tenjo, Cundinamarca', 611, 14, '', 'na', 'Fondo Privado', 'No', 0, 'Secundaria', 'Bachiller academico', 0, ''),
(41, 1, 19224098, 'gerardo', 'peláez carvajal', 3104948019, 'gerpelaez54@gmail.com', '1954-01-28', 'colombia', 30, 1058, 'Masculino', 'Ninguno', 'No', 'No', 'No', 'No', 'Finca Sangregado, vereda guanguatá', 611, 14, 'No Sabe / No Respond', 'Afiliado Contributiv', 'BEPS', 'Si', 192240982, 'Prof Universidad', 'ingeniero civil', 0, ''),
(42, 1, 80032464, 'Jose Luis', 'Salavarrieta Castro', 3152000256, 'salavarrieta.joseluis@gmail.com', '1981-02-24', 'Colombia', 14, 611, 'Masculino', 'Ninguno', 'No', 'No', 'No', 'No', 'Crr 9 1C-43', 611, 14, 'Categoria D', 'Afiliado Contributiv', 'Fondo Privado', 'No', 80032464, 'Prof Postgrado', 'Diseñador Ind ', 0, ''),
(43, 1, 39682705, 'Adriana ', 'Valenzuela Pérez', 3106884825, 'adrival50@gmail.com', '1960-08-07', 'Colombia', 34, 1101, 'Femenino', 'Ninguno', 'No', 'No', 'No', 'No', 'Finca Villa Anita vereda chucua', 611, 14, 'No Sabe / No Respond', 'Afiliado Contributiv', 'Fondo Privado', 'Si', 396827051, 'Prof Postgrado', 'Gerencia de Proyectos Sociales', 0, ''),
(44, 1, 1081053059, 'Andrés Fernando ', 'Aite jojoa ', 3132747182, 'andresaite1648@gmail.com', '2004-06-11', 'Colombiana ', 21, 788, 'Masculino', 'Ninguno', 'No', 'No', 'No', 'No', 'Cll 3B No. 1A 67', 611, 14, 'No Sabe / No Respond', 'na', 'na', 'No', 0, 'Secundaria', 'Bachiller ', 0, ''),
(45, 1, 1018412353, 'Laura Yolanda', 'Muñoz Hernández', 3208017859, 'lymunozh@gmail.com', '1987-08-22', 'Colombia', 34, 1101, 'Femenino', 'Ninguno', 'No', 'No', 'No', 'No', 'Lote 4 Camellón Los Pinos Vereda Chincé', 611, 14, 'Categoria D', 'Beneficiario', 'na', 'Si', 10184123531, 'Prof Universidad', 'Abogada', 0, ''),
(46, 1, 20994319, 'Maria Claudia', 'Zapata Paz', 3112117456, 'mariamaracaz@gmail.com', '1967-12-13', 'Colombia', 34, 1101, 'Femenino', 'Ninguno', 'No', 'No', 'No', 'No', 'FINCA LA LECHUZA VEREDA CHITASUGA', 611, 14, 'Categoria A', 'Afiliado Contributiv', 'Fondo Público', 'Si', 20994319, 'Prof Postgrado', 'MAGISTER EN EDUCACIÓN ', 0, ''),
(47, 1, 1014267668, 'Daniel Felipe', 'Niño Vega', 3004158229, 'danielnvega18@gmail.com', '1995-07-13', 'Colombia', 34, 1101, 'Masculino', 'Ninguno', 'No', 'No', 'No', 'No', 'Finca la forchette, Camellón los venados, vereda Churuguaco', 611, 14, 'Categoria D', 'na', 'Fondo Privado', 'Si', 700116670, 'Prof Postgrado', 'MBA', 0, ''),
(48, 1, 1193394643, 'hatsuhana', 'leyva boyaca', 3108734968, 'hatsuarte@gmail.com', '1997-08-14', 'colombia', 34, 1101, 'Femenino', 'Ninguno', 'No', 'No', 'No', 'No', 'kra. 1F # 5-23 centro ', 611, 14, 'Categoria B', 'Beneficiario', 'Fondo Público', 'Si', 141042592290, 'Técnico', 'técnica en artes escénicas con énfasis en actuación', 0, ''),
(49, 1, 1078368505, 'RAFAEL ERASMO', 'REY CRUZ', 3204604047, 'rerey07@gmail.com', '1991-03-07', 'Colombia', 14, 611, 'Masculino', 'Ninguno', 'No', 'No', 'No', 'No', 'Calle 11 # 3-110', 611, 14, 'Categoria D', 'Afiliado Contributiv', 'Fondo Público', 'No', 0, 'Tecnólogo', 'ADSIS', 0, ''),
(50, 1, 80384204, 'Rafael Antonio ', 'Tenjo Esguerra ', 3158077550, 'tengo.rafa@gmail.com', '1970-06-20', 'Colombia ', 14, 545, 'Masculino', 'Ninguno', 'No', 'Si', 'No', 'No', 'Sector cementerio ', 611, 14, '', 'Afiliado Contributiv', 'Fondo Privado', 'Si', 14893325121, 'Secundaria', 'Bachiller ', 0, ''),
(51, 1, 41520040, 'CONSTANZA', 'GONZALEZ CORREA', 3112399746, 'constanzagc@gmail.com', '1950-10-14', 'COLOMBIA', 34, 1101, 'Femenino', 'Ninguno', 'No', 'No', 'No', 'No', 'VEREDA CHURUGUACO BAJO - FINCA 4 VIENTOS', 611, 14, 'No Sabe / No Respond', 'Afiliado Contributiv', 'na', 'Si', 415200405, 'Prof Universidad', 'ANTROPOLOGA', 0, ''),
(52, 1, 41618892, 'YADIRA CECILIA', 'CRISTANCHO LOPEZ', 3102287957, 'YADIRACRISTANCHO@GMAIL.COM', '1952-09-25', 'colombia ', 14, 611, 'Femenino', 'Ninguno', 'No', 'No', 'No', 'No', 'VEREDA SANTA CRUZ SECTOR EL GUAYABO', 611, 14, 'No Sabe / No Respond', 'Afiliado Contributiv', 'Fondo Privado', 'Si', 41618892, 'Prof Universidad', 'ECONOMISTA', 0, ''),
(53, 1, 1078371660, 'Alejandra ', 'Chaves Zambrano', 3008606630, 'alejandra.chaves@cun.edu.co', '1997-05-28', 'Colombia', 14, 611, 'Femenino', 'Ninguno', 'No', 'No', 'No', 'No', 'Calle 2 #2-44 NORTE, Casco Urbano', 611, 14, 'Categoria D', 'Afiliado Contributiv', 'Fondo Privado', 'Si', 10783716607, 'Secundaria', 'Bachiller', 0, ''),
(54, 1, 1078371603, 'Stefanny Carolina', 'Aucu Mora', 3152712131, 'stefanny.aucu@cun.edu.co', '1996-08-01', 'Colombia', 14, 611, 'Femenino', 'Ninguno', 'No', 'No', 'No', 'No', 'Urbanizacion, El Ocal mz K casa 2', 611, 14, 'No Sabe / No Respond', 'Ninguno', 'Fondo Privado', 'Si', 1078376037, 'Técnico', 'Técnico en Asistencia Administrativa ', 0, ''),
(55, 1, 1073233488, 'Andres Mauricio', 'Fuentes', 3222377645, 'andresmauricio2024artenjo@gmail.com', '1988-10-08', 'Colombia', 6, 238, 'Masculino', 'Ninguno', 'No', 'Si', 'No', 'No', 'El chacal ', 611, 14, 'No Sabe / No Respond', 'na', 'BEPS', 'No', 0, 'Secundaria', 'Bachiller', 0, ''),
(56, 1, 51731225, 'Maritza', 'López Pirabaguén', 3157895904, 'maritza.lopez@talento21.org', '1964-08-25', 'Colombia', 34, 1101, 'Femenino', 'Ninguno', 'No', 'No', 'No', 'No', 'Tenjo-vereda Churuguaco Bajo', 611, 14, 'Categoria C', 'Beneficiario', 'Fondo Privado', 'Si', 51731225, 'Prof Postgrado', 'Máster Internacional en Liderazgo Educativo', 0, ''),
(57, 1, 41735639, 'Myriam ', 'olaya bermudez', 3115948005, 'escorpio537@gmail.com', '1953-11-07', 'colombia ', 14, 611, 'Femenino', 'Ninguno', 'No', 'No', 'No', 'No', 'carrear 7 6-49 casa k8', 611, 14, 'No Sabe / No Respond', 'Afiliado Contributiv', 'Fondo Privado', 'No', 0, 'Prof Universidad', 'licenciada química y biología', 0, ''),
(58, 1, 1019027916, 'Gaby Lorena', 'Basto Valderrama', 3173647458, 'bastogaby@gmail.com', '1988-11-14', 'Colombia', 8, 364, 'Femenino', 'Ninguno', 'No', 'No', 'No', 'No', 'Finca los Cerezos Camellón Libano 17 Tenjo', 611, 14, 'Categoria C', 'Afiliado Contributiv', 'Fondo Público', 'Si', 1019027916, 'Prof Universidad', 'Administradora empresas', 0, ''),
(59, 1, 1004005926, 'Laura Tatiana ', 'Panqueva Mondragon ', 3144813112, 'tmondragon180@gmail.com', '2002-03-06', 'Colombia ', 14, 611, 'Femenino', 'Ninguno', 'No', 'No', 'No', 'No', 'Vereda churuguaco Alto ', 611, 14, 'Categoria C', 'Afiliado Contributiv', 'Fondo Público', 'No', 0, 'Técnico', 'Auxiliar de enfermería ', 0, ''),
(60, 1, 20995876, 'maria carolina', 'giraldo beltran', 3134890494, 'panalerachiquilladasgr.2018@gmail.com', '1984-05-09', 'colombia', 14, 611, 'Femenino', 'Ninguno', 'No', 'No', 'No', 'No', 'calle2no1c10', 611, 14, 'Categoria D', 'Afiliado Contributiv', 'Fondo Privado', 'Si', 20995876, 'Prof Universidad', 'administradora de empresas', 0, ''),
(61, 1, 41650683, 'isabel cristina ', 'pinzon castro', 3157920230, 'isapin2004@yahoo.es', '1955-12-31', 'colombia ', 34, 1101, 'Femenino', 'Ninguno', 'No', 'No', 'No', 'No', 'finca el milagro vereda chitasuga', 611, 14, 'Categoria D', 'Afiliado Contributiv', 'Fondo Privado', 'Si', 41650683, 'Prof Universidad', 'bacteriologia', 0, ''),
(62, 1, 23267793, 'maria gladys ', 'albares basabe', 3002000548, 'galvarezbasabe@gmail.com', '1948-08-12', 'colombia', 14, 566, 'Femenino', 'Ninguno', 'No', 'No', 'No', 'No', 'calle2no.7-19', 611, 14, 'Categoria D', 'Afiliado Contributiv', 'Fondo Privado', 'Si', 23267793, 'Prof Universidad', 'educacion', 0, ''),
(63, 1, 28487231, 'elcy  ', 'cristancho ramos', 3112971973, 'elcycristancho@hotmail.com', '1955-11-02', 'colombia', 27, 903, 'Femenino', 'Ninguno', 'No', 'No', 'No', 'No', 'churuguaco bajo carrera 1no 004', 611, 14, 'Categoria D', 'Afiliado Contributiv', 'Fondo Privado', 'Si', 28487231, 'Prof Postgrado', 'educacion', 0, ''),
(64, 1, 19107139, 'augusto ', 'garcia', 3108165638, 'augustogarcia04@yahoo.com', '1950-06-27', 'colombia', 14, 611, 'Masculino', 'Ninguno', 'No', 'No', 'No', 'No', 'carrear7no1e52 ', 611, 14, 'Categoria D', 'Afiliado Contributiv', 'Fondo Privado', 'Si', 19107139, 'Prof Universidad', 'ingenieria agronomica', 0, ''),
(65, 1, 80759101, 'HOLMAN', 'POSADA HERREÑO', 3182751266, 'holmanp_12@hotmail.com', '1983-04-27', 'colombia', 34, 1101, 'Masculino', 'Ninguno', 'No', 'No', 'No', 'No', 'vereda chince camellon los pinos parte alta finca el eden', 611, 14, 'Categoria C', 'Afiliado Contributiv', 'Fondo Privado', 'Si', 807591015, 'Secundaria', 'BACHILLER', 0, ''),
(66, 1, 1001201646, 'Ana Maria', 'Santana Poveda', 3212374430, 'santanapovedaanamaria@gmail.com', '2002-02-03', 'Colombia', 14, 611, 'Femenino', 'Ninguno', 'No', 'No', 'No', 'No', 'vereda chince, camellón pan de azúcar', 611, 14, 'Categoria D', 'Afiliado Contributiv', 'Fondo Público', 'Si', 1001201646, 'Secundaria', 'Bachiller académico', 0, ''),
(67, 1, 1078366713, 'Leyde Mariana', 'Garzon', 3133838672, 'marianagarzon1227@gmail.com', '1987-04-20', 'colombia', 14, 611, 'Femenino', 'Indígena', 'No', 'No', 'No', 'No', 'vereda churuguaco alto', 611, 14, 'Categoria C', 'Afiliado Contributiv', 'Fondo Privado', 'Si', 1078366713, 'Prof Universidad', 'administradora de empresas', 0, ''),
(68, 1, 1003578750, 'Suaie', 'Parra Pérez ', 3163231242, 'suaieparraartista@gmail.com', '2002-12-26', 'Colombia', 14, 564, 'Masculino', 'Ninguno', 'No', 'No', 'No', 'No', 'Finca Loma Linda - Vereda Churuguaco Alto - Sector La Escuela ', 611, 14, 'Categoria D', 'Beneficiario', 'na', 'Si', 1003578750, 'Secundaria', 'Bachiller', 0, ''),
(69, 1, 35422086, 'GLADYS AMPARO', 'HERNANDEZ VILLALBA', 3202220025, 'heramparo09@gmail.com', '1979-05-24', 'Colombia', 14, 611, 'Femenino', 'Ninguno', 'No', 'No', 'No', 'No', 'Carrera 7 N 3-120 Tenjo', 611, 14, 'Categoria D', 'Afiliado Contributiv', 'Fondo Público', 'Si', 35422086, 'Prof Postgrado', 'Ingeniera Ambiental Especialista en Gerencia en Seguridad y salud', 0, ''),
(70, 1, 79411410, 'Edilberto ', 'Mendoza Ruíz', 3028364221, 'comunidadmuisca@gmail.com', '1967-02-14', 'Colombia', 14, 611, 'Masculino', 'Otro', 'No', 'No', 'No', 'No', 'Vereda Chitasugá, Reserva Chitazhua', 611, 14, 'Categoria D', 'Afiliado Subsidiado', 'BEPS', 'Si', 79411410, 'Prof Universidad', 'Diseñador gráfico', 0, ''),
(71, 1, 1001286027, 'Santiago Fagua Quihicha Aca', 'Mendoza Muñoz', 3146264689, 'caminoalsol1903@gmail.com', '2003-01-19', 'Colombia', 34, 1101, 'Masculino', 'Otro', 'No', 'No', 'No', 'No', 'Vereda Chitasuga, Reserva Chitazhua', 611, 14, 'Categoria D', 'Afiliado Subsidiado', 'na', 'Si', 1001286027, 'Secundaria', '', 0, ''),
(72, 1, 20994001, 'elvia estela ', 'cely plazas ', 3043305893, 'estelacely.joli2014@gmail.com', '1964-12-10', 'colombia', 14, 611, 'Femenino', 'Ninguno', 'No', 'Si', 'No', 'No', 'calle 5#1f-16', 611, 14, 'Categoria C', 'Ninguno', 'na', 'Si', 0, 'Secundaria', 'bachiller ', 0, ''),
(73, 1, 17191713, 'jorge enrique ', 'castillo pinilla', 3016140821, 'jorencaspin@gmail.com', '1947-03-10', 'Colombia', 34, 1101, 'Masculino', 'Ninguno', 'No', 'No', 'No', 'No', 'Urbanizacion el OCal ', 611, 14, 'No Sabe / No Respond', 'na', 'BEPS', 'No', 0, 'Tecnólogo', 'Dibujo tecnico', 0, ''),
(74, 1, 1078366190, 'Sandra Pilar', 'Rodríguez Matiz', 3124086450, 'rodriguezmatizpilar@gmail.com', '1986-04-14', 'Colombia', 14, 631, 'Femenino', 'Ninguno', 'No', 'No', 'No', 'No', 'Tenjo. Vereda chincé. Sector Pan de Azúcar', 611, 14, 'No Sabe / No Respond', 'Afiliado Contributiv', 'Fondo Privado', 'Si', 10783661907, 'Prof Universidad', 'Trabajadora Social ', 0, ''),
(75, 1, 80426169, 'alfonso jose ', 'jacquin ', 3196242832, 'aljojacu05@gmail.com', '1972-06-03', 'colombia', 4, 141, 'Masculino', 'Ninguno', 'No', 'No', 'No', 'No', 'martin y espino finca los aza ', 611, 14, 'Categoria B', 'na', 'na', 'No', 0, 'Prof Universidad', 'realización de fotografía y dirección ', 0, ''),
(76, 1, 1078372859, 'Maria Fernanda ', 'Arevalo Rodriguez ', 3108008697, 'ferarerodri@gmail.com', '1999-08-10', 'Colombia ', 14, 611, 'Femenino', 'Ninguno', 'No', 'No', 'No', 'No', 'Tenjo vda Martin espino ', 611, 14, 'Categoria D', 'Beneficiario', 'Fondo Privado', 'No', 0, 'Prof Universidad', 'Licenciada en educación infantil ', 0, ''),
(77, 1, 51775669, 'Gloria Esmeralda', 'Quintana Lòpez', 3106998323, 'esmeraldaquintanalopez@gmail.com', '1964-03-30', 'Colombia', 34, 1101, 'Femenino', 'Ninguno', 'No', 'No', 'No', 'No', 'Vereda Juaica camellòn La Pavita. Finca La Esperanza', 611, 14, 'No Sabe / No Respond', 'Afiliado Contributiv', 'Fondo Privado', 'No', 0, 'Prof Universidad', 'Maestra en artes escènicas con ènfasis en actuaciòn', 0, ''),
(78, 1, 1016012093, 'JIMMY ALEXANDER', 'MIRANDA RODRIGUEZ', 3178875269, 'JIMMY.MIROD@GMAIL.COM', '1988-09-21', 'COLOMBIA', 34, 1101, 'Masculino', 'Ninguno', 'No', 'No', 'No', 'No', 'CALLE 2 N° 10-22', 611, 14, 'Categoria D', 'Afiliado Contributiv', 'Fondo Privado', 'Si', 6, 'Prof Universidad', 'COMUNICADOR SOCIAL', 0, ''),
(79, 1, 1078368057, 'Javier Francisco', 'Acevedo Zapata', 3228183309, 'javfranciscoa@gmail.com', '1990-01-28', 'Colombia', 14, 611, 'Masculino', 'Ninguno', 'No', 'No', 'No', 'No', 'Carrera 12 #1e-48', 611, 14, 'Categoria C', 'Beneficiario', 'Fondo Privado', 'Si', 10783680574, 'Prof Postgrado', 'Profesional en medios audiovisuales con énfasis en cine', 0, ''),
(80, 1, 1001188504, 'Leidy Paola', 'Salguero Benavides', 3222217298, 'paosalguero777@gmail.com', '2001-09-30', 'Colombia', 34, 1101, 'Femenino', 'Ninguno', 'No', 'No', 'No', 'No', 'Tenjo. Vereda Santa Cruz. Finca La Esperanza', 611, 14, 'Categoria D', 'Beneficiario', 'Fondo Público', 'No', 0, 'Prof Universidad', 'Historiadora', 0, ''),
(81, 1, 52966654, 'joyce angie', 'pachon garcia', 3005628125, 'joycestick@gmail.com', '1983-12-25', 'Colombia', 34, 1101, 'Femenino', 'Ninguno', 'No', 'No', 'No', 'No', 'vereda Churuhuaco alto, sector capilla, finca los laureles', 611, 14, 'No Sabe / No Respond', 'Ninguno', 'BEPS', 'No', 0, 'Prof Universidad', 'maestra en artes plasticas', 0, ''),
(82, 1, 1032367458, 'Diana', 'Flórez Gutiérrez', 3152718252, 'ardatu.limnu@gmail.com', '1986-05-02', 'Colombia', 34, 1101, 'Femenino', 'Ninguno', 'No', 'No', 'No', 'No', 'Finca San Martín, vda Chitasugá, sector cascajera. Tenjo, cund.', 611, 14, 'Categoria D', 'Beneficiario', 'Fondo Privado', 'Si', 1032367458, 'Tecnólogo', 'En formación producción de multimedia', 0, ''),
(83, 1, 20994173, 'MARIA TERESA', 'AMORTEGUI CASALLAS', 3192975414, 'teresamortegui@gmail.com', '1967-01-29', 'COLOMBIA', 14, 611, 'Femenino', 'Ninguno', 'No', 'No', 'No', 'No', 'Finca Santa Teresa, Camellón Los Cano, vereda Santa Cruz', 611, 14, 'No Sabe / No Respond', 'Afiliado Contributiv', 'Fondo Privado', 'Si', -3, 'Prof Universidad', 'TRABAJADORA SOCIAL', 0, ''),
(84, 1, 1016944310, 'SERGIO JAVIER ANGEL', 'MACHADO GONZALEZ', 3003368876, 'sergio.javier.machado.gonzalez@gmail.com', '2002-03-03', 'Colombia', 14, 549, 'Masculino', 'Ninguno', 'No', 'No', 'No', 'No', 'Cr 10 # 4- 28', 611, 14, '', 'na', 'na', 'Si', 1016944310, 'Técnico', 'Ingeniero ElectroniMarketing digitalo', 0, ''),
(85, 1, 52778861, 'Sandra Isabel', 'Gonzalez Ramirez', 3115259789, 'mifincarestaurante@gmail.com', '1982-10-05', 'Colombia', 14, 611, 'Femenino', 'Ninguno', 'No', 'No', 'No', 'No', 'Cr 10 # 4-28', 611, 14, 'No Sabe / No Respond', 'Afiliado Contributiv', 'Fondo Privado', 'Si', 52778861, 'Técnico', 'Comunicación empresarial', 0, ''),
(86, 1, 79914200, 'Edgar Mauricio ', 'Guzman Molina', 3123616249, 'woodmauricio111@gmail.com', '1979-08-02', 'colombia', 34, 1101, 'Masculino', 'Ninguno', 'No', 'No', 'No', 'No', 'vereda chince camellon los pollos', 611, 14, 'Categoria C', 'Afiliado Subsidiado', 'na', 'Si', 7, 'Técnico', 'Diseño de joyas y joyero', 0, ''),
(87, 1, 1078366835, 'YAMILE ANDREA ', 'SIERRA PAEZ ', 3144782257, 'yamileandreas00@gmail.com', '1987-08-06', 'COLOMBIA', 6, 224, 'Femenino', 'Ninguno', 'No', 'No', 'No', 'No', 'CARRERA 12 N°1E-33', 611, 14, 'Categoria C', 'Afiliado Contributiv', 'Fondo Privado', 'Si', 1078366835, 'Técnico', 'EN CURSO ', 0, ''),
(88, 1, 80050648, 'MARIANO', 'JARA HENAO', 3008983276, 'm.jara.jr@gmail.com', '1980-04-14', 'Colombia', 34, 1101, 'Masculino', 'Ninguno', 'No', 'No', 'No', 'No', 'CRA 2 # 10-75 CASA 65 JUAICA CONDOMINIO', 611, 14, 'Categoria D', 'Afiliado Contributiv', 'Fondo Público', 'Si', 80050648, 'Prof Universidad', 'INGENIERO DE SISTEMAS', 0, ''),
(89, 1, 52085583, 'Alexandra', 'Calderón robles ', 3208586784, 'alecalrob2018@gmail.com', '1974-02-08', 'Colombia', 34, 1101, 'Femenino', 'Ninguno', 'No', 'No', 'No', 'No', 'Vereda chitasuga', 611, 14, 'Categoria C', 'Afiliado Contributiv', 'BEPS', 'No', 0, 'Tecnólogo', 'Técnico profesional en cocina ', 0, ''),
(90, 1, 31945430, 'Teresa ', 'Castaño González', 3214683665, 'terezita2@yahoo.es', '1965-12-19', 'Colombia', 30, 1061, 'Femenino', 'Afrodescen', 'No', 'No', 'No', 'No', 'Carrera 11 # 3-55, casa 3, etapa 1', 611, 14, 'Categoria D', 'Afiliado Contributiv', 'Fondo Público', 'Si', 319454302, 'Prof Postgrado', 'Magister en Género, Políticas y Sociedad', 0, ''),
(91, 1, 1078371575, 'Daniel Felipe', 'Arevalo Rodriguez', 3176293040, 'dnielfelipe18@gmail.com', '1997-04-10', 'Colombia', 14, 611, 'Masculino', 'Ninguno', 'No', 'No', 'No', 'No', 'CL 1F #6 43', 611, 14, 'Categoria D', 'na', 'BEPS', 'Si', 141045338864, 'Prof Universidad', 'Fotografo profesional', 0, ''),
(92, 1, 41628745, 'Gloria Isabel ', 'Triviño Valenzuela ', 3144424203, 'gitrivino@gmail.com', '1954-05-13', 'Colombia', 17, 658, 'Femenino', 'Ninguno', 'No', 'No', 'No', 'No', 'Finca la pesquera, vereda guangata, Tenjo', 611, 14, 'No Sabe / No Respond', 'Afiliado Contributiv', 'Fondo Privado', 'Si', 416287454, 'Prof Postgrado', 'Especialista en Derecho Ambiental', 0, ''),
(93, 1, 79590837, 'Gustavo', 'Forero Trujillo', 3134488818, 'gusfotu@gmail.com', '1972-05-18', 'Colombia', 34, 1101, 'Masculino', 'Ninguno', 'No', 'No', 'No', 'No', 'Cr 4 No 5-39', 611, 14, 'Categoria D', 'Afiliado Contributiv', 'Fondo Privado', 'Si', 79590837, 'Prof Postgrado', 'Especialista en Gestión Cultural', 0, ''),
(94, 1, 1022323852, 'Jorge Andres', 'Ramirez Bustos', 3206254170, 'vakajo16@gmail.com', '1986-05-02', 'Colombia', 14, 519, 'Masculino', 'na', 'No', 'No', 'No', 'No', 'Cra 2 # 10-75 casa 63', 611, 14, 'Categoria D', 'Afiliado Contributiv', 'Fondo Privado', 'Si', 1022323852, 'Prof Universidad', 'Profesional en Negocios Internacionales ', 0, ''),
(95, 1, 79893027, 'Fabián Leonardo', 'Jara henao', 3153685773, 'fabianljara@gmail.com', '1977-09-09', 'Colombia ', 14, 611, 'Masculino', 'Ninguno', 'No', 'No', 'No', 'No', 'Carrera 2 10-75 casa 54', 611, 14, 'Categoria D', 'Afiliado Contributiv', 'Fondo Privado', 'No', 79893027, 'Prof Universidad', 'Ingeniero de Sistemas', 0, ''),
(96, 1, 1078371350, 'DIANA PATRICIA ', 'GUAPO VARGAS ', 3045642019, 'vgdianap@gmail.com', '1996-09-12', 'Colombia', 14, 611, 'Femenino', 'Ninguno', 'No', 'No', 'No', 'No', 'vereda Churuguaco alto sector la Tunita', 611, 14, 'Categoria C', 'Afiliado Subsidiado', 'Fondo Público', 'Si', 10783713509, 'Secundaria', 'Bachiller Academico', 0, ''),
(97, 2, 364076, 'itamar ', 'sela', 3204937011, 'terreno.contact@gmail.com', '1981-03-24', 'israel', 33, 1100, 'Masculino', 'Ninguno', 'No', 'No', 'Si', 'Si', 'camellón de los yazos casa flor triana tenjo , cundiunamarca', 611, 14, 'No Sabe / No Respond', 'Afiliado Contributiv', 'Fondo Privado', 'Si', -19, 'Prof Universidad', 'paisajista', 0, ''),
(98, 1, 1076624907, 'Juan Pablo ', 'Rojas Gutierrez', 3115193750, 'juanrojasfotografianatural@gmail.com', '1996-01-31', 'Colombia', 14, 631, 'Masculino', 'Ninguno', 'No', 'No', 'No', 'No', 'Vereda Chincé camellon la pavera predio: El regalo', 611, 14, 'Categoria D', 'Beneficiario', 'Fondo Público', 'Si', 1076624907, 'Técnico', 'Profesional en Cine y Fotografía ', 0, ''),
(99, 1, 1078370136, 'Jhon Alexander ', 'Guapo Vargas', 3504752333, 'jhon-alexander_16@hotmail.com', '1994-07-18', 'Colombia', 14, 611, 'Masculino', 'Ninguno', 'No', 'No', 'No', 'No', 'Calle 11 # 3-110 Tr 5 apt 103 Flor de la sabana ', 611, 14, 'Categoria C', 'Afiliado Subsidiado', 'na', 'Si', 14585369853, 'Técnico', 'Técnico Profesional en fotografía y camarografia', 0, ''),
(100, 1, 1078370131, 'Jenny Andrea', 'Menjura Garzón ', 3105630012, 'andreitamenjura@hotmail.com', '1994-07-12', 'Colombia ', 14, 611, 'Femenino', 'Ninguno', 'No', 'No', 'No', 'No', 'Vereda churuguaco alto finca los pinos', 611, 14, 'Categoria B', 'Afiliado Subsidiado', 'Fondo Público', 'Si', 1078370131, 'Técnico', 'Procesos industriales ', 0, ''),
(101, 1, 6325473, 'Maria Luisa', 'Hincapie Vargas', 3044061177, 'marialuisahincapie@gmail.com', '1966-05-27', 'Colombia', 27, 900, 'Femenino', 'Ninguno', 'No', 'No', 'No', 'No', 'Camellón La Pavera - sector los Enriquez, Vereda Chincé, Tenjo', 611, 14, 'Categoria D', 'Afiliado Contributiv', 'Fondo Público', 'Si', 63325473, 'Prof Postgrado', 'Magister en Desarrollo Educativo y Social', 0, ''),
(102, 1, 1078369893, 'JUDITH CONSTANZA ', 'MOLINA GUACAS ', 3502304276, 'CONMOLINAGU@GMAIL.COM', '1994-01-26', 'COLOMBIA', 21, 788, 'Femenino', 'Ninguno', 'No', 'No', 'No', 'No', 'CRA 9 # 1E - 106', 611, 14, 'Categoria D', 'Afiliado Contributiv', 'Fondo Privado', 'Si', 10783698931, 'Prof Universidad', 'MAESTRO EN CINEMATOGRAFÍA ', 0, ''),
(103, 1, 52623881, 'Dolly Constanza', 'Pataquiva Ávila', 3144435745, 'tatapataquiva@gmail.com', '1975-10-31', 'Colombia', 14, 527, 'Femenino', 'Ninguno', 'No', 'No', 'No', 'No', 'Cr 4 No 5-39', 611, 14, 'Categoria D', 'Beneficiario', 'Fondo Privado', 'Si', 52623881, 'Tecnólogo', 'Delineante de Arquitectura e Ingeniería', 0, ''),
(104, 1, 1078368380, 'Javier ', 'Gomez Tauta', 3195842533, 'javotattoo50@gmail.com', '1990-08-09', 'Colombia', 14, 545, 'Masculino', 'Ninguno', 'No', 'No', 'No', 'No', 'Vereda churuguaco bajo sector  4 caminos ', 611, 14, 'Categoria D', 'Afiliado Subsidiado', 'Fondo Público', 'Si', 1078368380, 'Tecnólogo', 'Analista de desarrollo de sistemas de información ', 0, ''),
(105, 1, 1003526377, 'Antonia', 'Forero Pataquiva', 3132320539, 'antoforero@gmail.com', '1999-11-23', 'Colombia', 14, 527, 'Femenino', 'Ninguno', 'No', 'No', 'No', 'No', 'carrera 4 # 5-39', 611, 14, 'Categoria D', 'Beneficiario', 'Fondo Privado', 'Si', 1003526377, 'Técnico', '', 0, ''),
(106, 1, 1078367034, 'Sara Ximena', 'Bautista Hernandez', 3208429126, 'sxbautistah@gmail.com', '2004-12-10', 'Colombia', 14, 611, 'Femenino', 'Ninguno', 'No', 'No', 'No', 'No', 'Cra /#3-120', 611, 14, 'Categoria A', 'Beneficiario', 'BEPS', 'No', 0, 'Secundaria', 'Bachiller', 0, ''),
(107, 1, 1078372269, 'Manuela', 'Rodríguez Cárdenas ', 3222638503, 'manurodriguez1998@hotmail.com', '1998-07-14', 'Colombia', 14, 611, 'Femenino', 'Ninguno', 'No', 'No', 'No', 'No', 'Calle 3 No 7- 36 centro Tenjo', 611, 14, 'Categoria D', 'Afiliado Contributiv', 'Fondo Público', 'Si', 10783722694, 'Prof Universidad', 'Licenciada en Psicología y Pedagogía ', 0, ''),
(108, 1, 1022332682, 'Karen Lizette', 'Jara Henao', 3185936217, 'kjarahenao@gmail.com', '1987-05-24', 'Colombia', 34, 1101, 'Femenino', 'Ninguno', 'No', 'No', 'No', 'No', 'CRA 2 10 75 casa 63 Condominio Juaica', 611, 14, 'Categoria D', 'Beneficiario', 'Fondo Privado', 'Si', 1022332682, 'Prof Universidad', 'Comunicadora Social', 0, ''),
(109, 1, 35464301, 'CARMENZA', 'MACIAS GUTIERREZ', 3158648964, 'lagranjadelcielo@gmail.com', '1959-11-22', 'COLOMBIA', 34, 1101, 'Femenino', 'Ninguno', 'No', 'No', 'No', 'No', 'KM 7 VEREDA EL CHACAL. TENJO', 611, 14, 'Categoria D', 'Afiliado Contributiv', 'Fondo Privado', 'Si', 354643010, 'Prof Postgrado', 'ODONTOLOGA ESPECIALISTA EN ODONTOPEDIATRIA', 0, ''),
(110, 1, 52414109, 'CATALINA', 'GARCIA CABRERA', 3202423146, 'yadanzatenjo@gmail.com', '1976-05-07', 'COLOMBIA', 34, 1101, 'Femenino', 'Ninguno', 'No', 'No', 'No', 'No', 'CARRERA 6 # 1 F-43', 611, 14, 'Categoria D', 'Afiliado Contributiv', 'Fondo Privado', 'Si', 52414109, 'Prof Universidad', 'ADMINISTRADOR DE EMPRESAS ', 0, ''),
(111, 1, 52696995, 'Diana ', 'Herrera', 3178549742, 'dinama2006@gmail.com', '1979-11-04', 'Colombia', 34, 1101, 'Femenino', 'Ninguno', 'No', 'No', 'No', 'No', 'Cra 7 No. 6-49', 611, 14, 'No Sabe / No Respond', 'Afiliado Contributiv', 'Fondo Privado', 'Si', 52696995, 'Prof Universidad', 'Diseñadora industrial', 0, ''),
(112, 1, 39700117, 'Olga Mery', 'Felacio Nova', 3224720149, 'felacioolgamery@gmail.com', '1963-08-15', 'colombia', 14, 611, 'Femenino', 'Ninguno', 'No', 'No', 'No', 'No', 'finca miraflores yakú, sector la escuela, vereda churuguaco alto', 611, 14, 'Categoria C', 'Beneficiario', 'na', 'Si', 39700117, 'Secundaria', 'bachiller', 0, ''),
(113, 3, 5157643, 'Gabriel Jesus', 'Muñoz Sandoval', 3219073107, 'gabrieljesusmunozsandoval@gmail.com', '2004-01-12', 'Venezuela', 33, 1100, 'Masculino', 'Ninguno', 'No', 'No', 'Si', 'Si', 'Vereda Soque', 611, 14, 'Categoria B', 'Afiliado Subsidiado', 'BEPS', 'No', 0, 'Primaria', '10 Grado', 0, ''),
(114, 1, 1078369922, 'Jorge Andrés', 'Leguizamón Adames', 3218952456, 'desonidos.ada@gmail.com', '1994-02-05', 'Colombia', 14, 611, 'Masculino', 'Ninguno', 'No', 'No', 'No', 'No', 'Carre 1d # 2-41, centro', 611, 14, 'Categoria D', 'na', 'Fondo Privado', 'Si', 10783699225, 'Prof Universidad', 'Biologo', 0, ''),
(115, 1, 20995747, 'YAMILE', 'RAMOS RODRIGUEZ', 3043572925, 'elimaysara@hotmail.com', '1983-06-14', 'Colombia', 14, 611, 'Femenino', 'Ninguno', 'No', 'No', 'No', 'No', 'callle 3B 1B-20 CASA 7', 611, 14, 'Categoria D', 'Afiliado Contributiv', 'Fondo Privado', 'Si', 209957475, 'Tecnólogo', 'TECNOLOGO EN CONTABILIDAD Y FINANZAS ', 0, ''),
(116, 1, 1078366876, 'Pilar', 'Ramos Rodriguez ', 3015665661, 'pili_co@hotmail.com', '1987-09-08', 'Colombiano', 14, 619, 'Femenino', 'Ninguno', 'No', 'No', 'No', 'No', 'Vereda chince ', 611, 14, 'No Sabe / No Respond', 'Afiliado Contributiv', 'Fondo Público', 'No', 0, 'Técnico', 'Gestion de operacionws microfinancieras', 0, ''),
(117, 1, 1078373024, 'Valentina', 'Defelipe Díaz', 3013306823, 'valentinadd12@gmail.com', '1999-12-18', 'Colombia', 34, 1101, 'Femenino', 'Otro', 'No', 'No', 'No', 'No', 'Finca la esperanza, vereda Churuguaco Bajo', 611, 14, 'Categoria D', 'Afiliado Contributiv', 'Fondo Público', 'Si', 10783730241, 'Prof Universidad', 'Historiadora', 0, ''),
(118, 1, 1032396564, 'Juliette', 'Rodríguez', 3118529029, 'proyectosbuenojoproductora@gmail.com', '1987-09-28', 'Colombia', 14, 608, 'Femenino', 'Ninguno', 'No', 'No', 'No', 'No', 'Cra 7 # 2 - 16', 611, 14, 'Categoria D', 'Afiliado Contributiv', 'Fondo Privado', 'Si', 1032396564, 'Prof Universidad', 'Ingeniera Civil', 0, ''),
(119, 1, 3230981, 'David ', 'Villamarin Forero', 3142840208, 'buenojoproductora@gmail.com', '1984-11-29', 'Colombia', 14, 611, 'Masculino', 'Ninguno', 'No', 'No', 'No', 'No', 'Cra 7 # 2 - 16', 611, 14, 'Categoria D', 'Afiliado Contributiv', 'Fondo Privado', 'Si', 3230981, 'Tecnólogo', 'Diseñador Gráfico', 0, ''),
(120, 1, 20994067, 'Elsa Magdalena', 'Forero González', 3185606547, 'magdalenaforero2020@gmail.com', '1965-11-19', 'Colombia', 34, 1101, 'Femenino', 'Ninguno', 'No', 'No', 'No', 'No', 'Cra 2 No. 8 - 06 Apto 2', 611, 14, 'Categoria D', 'Afiliado Contributiv', 'Fondo Privado', 'Si', 20994067, 'Secundaria', '', 0, ''),
(121, 1, 79863821, 'Rubén', 'Mantilla Gómez', 3123344586, 'encontrandokaminos@gmail.com', '1976-08-23', 'Colombia', 34, 1101, 'Masculino', 'Ninguno', 'No', 'No', 'No', 'No', 'Calle 6 # 9-67, Casa 37. Conjunto Residencial Quintas de Majuy', 611, 14, 'No Sabe / No Respond', 'Afiliado Contributiv', 'Fondo Público', 'Si', 9018158937, 'Prof Postgrado', 'Ingeniero Electrónico con Especialización en Gerencia de Proyectos', 0, ''),
(122, 1, 3230729, 'cesar mauricio', 'camacho rodriguez', 3156910360, 'spotbiketenjo@gmail.com', '1982-04-26', 'colombia', 14, 611, 'Masculino', 'Otro', 'No', 'No', 'No', 'No', 'calle 5 1-75', 611, 14, 'Categoria C', 'Afiliado Subsidiado', 'na', 'Si', 3230729, 'Tecnólogo', 'tecnologo en diseño grafico', 0, ''),
(123, 1, 3230951, 'Hernan Alirio', 'Pastor Morales', 3104803958, 'hernan121767@gmail.com', '1984-08-02', 'Colombia', 14, 611, 'Masculino', 'Ninguno', 'No', 'No', 'No', 'No', 'Vereda Chince', 611, 14, 'Categoria A', 'Afiliado Contributiv', 'Fondo Privado', 'Si', 3230951, 'Tecnólogo', 'tecnologo', 0, ''),
(124, 1, 1014212755, 'Lizeth Lorena', 'Sanabria Triviño', 3016291307, 'loresanabriatrivino@gmail.com', '1990-06-19', 'Colombia', 34, 1101, 'Femenino', 'Indígena', 'No', 'No', 'No', 'No', 'Calle 1 # 1-00 casa 13', 611, 14, 'Categoria D', 'Beneficiario', 'BEPS', 'Si', 1014212755, 'Prof Universidad', 'Licenciada en Biología', 0, ''),
(125, 1, 1193219172, 'Ana Sofia', 'Matamoros Castro', 3045969848, 'anasofimata@gmail.com', '2002-02-21', 'Colombia', 34, 1101, 'Femenino', 'Ninguno', 'No', 'No', 'No', 'Si', 'Vda Juaica Fca San Jose ', 611, 14, 'Categoria C', 'Afiliado Subsidiado', 'BEPS', 'Si', 1193219172, 'Prof Universidad', 'maestro en musica', 0, ''),
(126, 1, 1078372755, 'Iris Sié', 'Poveda Chaparro', 3197906438, 'irispoveda88@gmail.com', '1999-05-02', 'Colombia', 14, 611, 'Femenino', 'Ninguno', 'No', 'No', 'No', 'No', 'Vda. Chincé, Los Pollos, Finca Los Curubitos, casa 3 ', 611, 14, 'No Sabe / No Respond', 'na', 'Fondo Privado', 'Si', 1078372755, 'Prof Universidad', 'Profesional en Fotografía para Medios', 0, ''),
(127, 1, 52835730, 'RUBY CAROLINA', 'MARIN BLANCO', 30132321177, 'ruby.52835730@cenda.edu.co', '1980-12-28', 'Colombia', 34, 1101, 'Femenino', 'Ninguno', 'No', 'No', 'No', 'No', 'Urbanización el Ocal, Manzana A, Casa 3, Piso 3', 611, 14, 'Categoria B', 'Afiliado Contributiv', 'Fondo Público', 'No', 52835730, 'Prof Universidad', 'Licenciada en Educación Artística y Artes Escénicas', 0, ''),
(128, 1, 53121682, 'Diana ', 'Arévalo Flórez ', 3184466794, 'ospinasamuel695@gmail.com', '1984-07-16', 'Colombia', 34, 1101, 'Femenino', 'Ninguno', 'No', 'No', 'No', 'No', 'CALLE 2 NO 7-30', 611, 14, 'Categoria C', 'Beneficiario', 'Fondo Público', 'Si', 53121682, 'Tecnólogo', '', 0, ''),
(129, 1, 79687008, 'WILLIAM ERNESTO', 'CHACON', 3114591705, 'wernestoch@gmail.com', '1975-03-02', 'Colombia', 22, 820, 'Masculino', 'Ninguno', 'No', 'No', 'No', 'No', 'Km. 0,5 vía Tenjo - La Punta, Condominio Tualá casa 4, vereda Chitasugá', 611, 14, 'No Sabe / No Respond', 'Afiliado Contributiv', 'Fondo Público', 'Si', 796870084, 'Prof Postgrado', 'Ingeniero Electricista', 0, ''),
(130, 1, 1033098228, 'Isabela ', 'Villamarin Rodríguez ', 3197316623, 'villamarinisa9@gmail.com', '2005-08-12', 'Colombia ', 34, 1101, 'Femenino', 'Ninguno', 'No', 'No', 'No', 'No', 'Cra. 7 #2-16 El Porvenir ', 611, 14, 'Categoria D', 'Beneficiario', 'na', 'Si', 1033098228, 'Secundaria', 'Bachiller ', 0, ''),
(131, 1, 39763497, 'Claudia Esperanza', 'Fonseca ', 3208228317, 'midulceesperanza74@hotmail.com', '1974-02-11', 'Colombia', 6, 318, 'Femenino', 'Ninguno', 'No', 'No', 'No', 'No', 'Calle 3b 1-64 casa 23 Urbanización La peña', 611, 14, 'Categoria C', 'Afiliado Subsidiado', 'Fondo Público', 'Si', 397634972, 'Técnico', 'Tecnica en auxiliar de cocina', 0, ''),
(132, 1, 1078372777, 'Adrián ', 'Arenas ', 3123365261, 'arenasadrian296@gmail.com', '1999-06-26', 'Colombia ', 14, 611, 'Masculino', 'na', 'No', 'No', 'No', 'No', 'Calle 5#1g-13', 611, 14, 'Categoria D', 'Afiliado Contributiv', 'na', 'No', 0, 'Prof Universidad', '', 0, ''),
(133, 1, 412302, 'pedro alejandro ', 'gonzalez luque ', 3125444041, 'alejo412gonzalez@gmail.com', '1952-11-22', 'colombia', 14, 611, 'Masculino', 'Ninguno', 'No', 'No', 'No', 'No', 'carrera 5 #257 tenjo centro ', 611, 14, 'Categoria A', 'Beneficiario', 'Fondo Público', 'No', 0, 'Prof Postgrado', 'administración de empresas', 0, ''),
(134, 1, 20994439, 'maria stella ', 'sopo miranda ', 3214352119, 'sopomaria0@gmail.com', '1966-09-24', 'colombia', 14, 611, 'Femenino', 'Otro', 'No', 'Si', 'No', 'No', 'vereda guangata  finca la soledad ', 611, 14, 'Categoria C', 'Afiliado Subsidiado', 'na', 'No', 0, 'Secundaria', 'bachiller', 0, ''),
(135, 1, 1078371748, 'Paula Carolina', 'Forero García', 3023232768, 'pcforerog@unal.edu.co', '1997-06-24', 'Colombia', 34, 1101, 'Femenino', 'Ninguno', 'No', 'No', 'No', 'No', 'Carrera 6 # 1F - 43, casa roja', 611, 14, 'Categoria D', 'Afiliado Contributiv', 'Fondo Privado', 'Si', 1078371748, 'Prof Universidad', 'Médica cirujana', 0, ''),
(136, 1, 52258504, 'Zulma Omaira ', 'Martin Uribe ', 3045826900, 'zulma.om.martin@gmail.com', '1975-05-21', 'Colombia ', 34, 1101, 'Femenino', 'Ninguno', 'No', 'No', 'No', 'No', 'vereda juica el retiro ', 611, 14, 'Categoria C', 'Afiliado Subsidiado', 'Fondo Público', 'Si', 14966439914, 'Prof Universidad', 'administracion de empresas ', 0, ''),
(137, 2, 585414, 'Jaime Eduardo', 'acuña', 3206149823, 'eduardoacuna906@gmail.com', '1964-07-28', 'Argentina', 33, 1100, 'Masculino', 'na', 'No', 'No', 'Si', 'No', 'cra 12 90-42', 1101, 34, '', 'na', 'na', 'Si', 7000162851, 'Técnico', 'tecnico en comunicaciones ', 0, ''),
(138, 1, 53106382, 'Urpi ', 'Barco Quintana ', 3123709997, 'urpibarco@gmail.com', '1985-02-24', 'Colombia ', 34, 1101, 'Femenino', 'Ninguno', 'No', 'No', 'No', 'No', 'Vereda Juaica sector Porkis camellón La Pavita predio La Esperanza', 611, 14, 'No Sabe / No Respond', 'Afiliado Contributiv', 'Fondo Privado', 'Si', 531063828, 'Prof Postgrado', 'Master en canto Jazz y música moderna ', 0, ''),
(139, 1, 11202860, 'johnny alberto', 'restrepo garcia', 3104809344, 'jonny.restrepo@gmail.com', '1980-02-08', 'colombia', 34, 1101, 'Masculino', 'Ninguno', 'No', 'No', 'No', 'No', 'calle 6 9-67 conjunto quintas de majuy ', 611, 14, 'Categoria C', 'Afiliado Contributiv', 'Fondo Privado', 'Si', 112028605, 'Prof Universidad', 'adminsitrador turistico y hotelero', 0, ''),
(140, 1, 79324985, 'EDGAR ORLANDO', 'TRIVINO PADILLA', 3174028849, 'edgartri@hotmail.com', '1963-10-28', 'Colombia', 34, 1101, 'Masculino', 'Ninguno', 'No', 'No', 'No', 'No', 'Calle 6N 9 67 casa 91', 611, 14, 'Categoria C', 'Afiliado Contributiv', 'Fondo Privado', 'Si', 793249858, 'Prof Universidad', 'administrador de empresas', 0, ''),
(141, 1, 52815837, 'Paola', 'Lizarazo Sierra', 3133650024, 'paolalizarazo1@gmail.com', '1983-07-31', 'Colombia', 14, 611, 'Femenino', 'Ninguno', 'No', 'No', 'No', 'No', 'Carrera 7 No. 2 - 33', 611, 14, 'Categoria C', 'Afiliado Contributiv', 'Fondo Privado', 'No', 0, 'Prof Postgrado', 'Ingeniero en Recursos Hídricos y Gestión Ambiental', 0, ''),
(142, 1, 52220832, 'Claudia patrica', 'Díaz sanchez', 3112026082, 'claudilladiaz@hotmail.com', '1974-01-10', 'Colombia', 34, 1101, 'Femenino', 'Ninguno', 'No', 'No', 'No', 'No', 'Carrera 7 6 48', 611, 14, 'No Sabe / No Respond', 'Afiliado Contributiv', 'Fondo Público', 'Si', 0, 'Prof Universidad', 'Publicista', 0, ''),
(143, 1, 41683262, 'li Mizar', 'Salamanca Barrera', 3219156670, 'limizar2@hotmail.com', '1956-02-04', 'Colombia', 34, 1101, 'Femenino', 'na', 'No', 'No', 'No', 'No', 'calle7 #1este-58', 532, 14, 'No Sabe / No Respond', 'Afiliado Contributiv', 'Fondo Público', 'Si', 416832622, 'Prof Postgrado', 'Doctora con tema Teología y arte', 0, ''),
(144, 1, 43978178, 'Maidy', 'Sarmiento Valencia', 3012128019, 'maidy8503@gmail.com', '1985-03-12', 'Colombia', 4, 141, 'Femenino', 'Ninguno', 'No', 'No', 'No', 'No', 'cra 7 #1D-22', 611, 14, 'No Sabe / No Respond', 'Afiliado Contributiv', 'Fondo Privado', 'Si', 439781786, 'Prof Universidad', 'Ingeniera Admnistradora', 0, ''),
(145, 1, 1078372969, 'sergio', 'luque', 3152447752, 'sergioaln2017@gmail.com', '1999-10-26', 'Colombia', 14, 611, 'Masculino', 'Ninguno', 'No', 'No', 'No', 'No', 'cr 1F #1f-04', 611, 14, 'Categoria D', 'Afiliado Contributiv', 'Fondo Privado', 'Si', 1078372969, 'Prof Universidad', 'ingeniero', 0, ''),
(146, 1, 1078372968, 'sergio', 'luque', 3152447752, 'sergioaln2017@gmail.com', '1999-10-26', 'Colombia', 14, 611, 'Masculino', 'Ninguno', 'No', 'No', 'No', 'No', 'cr 1F #1f-04', 611, 14, 'Categoria D', 'Afiliado Contributiv', 'Fondo Privado', 'No', 0, 'Prof Universidad', 'ingeniero', 0, ''),
(147, 1, 37931431, 'Olga Patricia', 'Altahona Pérez', 3006776549, 'olgapatricia.altahona@gmail.com', '1965-04-08', 'Colombia', 27, 897, 'Femenino', 'Ninguno', 'No', 'No', 'No', 'No', 'Km 11 Vía Siberia Tenjo, Meridor, Parajes de Meridor, Casa 1', 611, 14, '', 'Especial', 'Fondo Público', 'No', 0, 'Técnico', '', 0, ''),
(148, 1, 1072641917, 'Laura valentina ', 'Puertas marentes ', 3219475743, 'laurapuertas061@gmail.com', '2004-11-02', 'Colombia ', 14, 532, 'Femenino', 'Ninguno', 'No', 'No', 'No', 'No', 'El Ocal manzana B casa 1', 611, 14, 'Categoria B', 'Afiliado Subsidiado', 'na', 'No', 0, 'Secundaria', 'Bachillerato ', 0, ''),
(149, 1, 1090424208, 'Valdir', 'Isidro Arenas', 3004211599, 'valjes.isidro@gmail.com', '1990-09-26', 'Colombia', 22, 820, 'Masculino', 'Ninguno', 'No', 'No', 'No', 'No', 'Cra 7 6-48 El Roble Apto 203 T4', 611, 14, 'No Sabe / No Respond', 'Afiliado Contributiv', 'Fondo Público', 'Si', 1090424208, 'Prof Postgrado', 'Ingeniero Industrial', 0, ''),
(150, 1, 1097501720, 'Simón Esteban ', 'Ortiz Casallas', 3005456276, 'simonestebanortiz@gmail.com', '2009-10-16', 'Colombia', 27, 900, 'Masculino', 'Ninguno', 'No', 'No', 'No', 'No', 'Vereda Juaica, Finca La Esperanza', 611, 14, 'Categoria C', 'Beneficiario', 'na', 'No', 0, 'Secundaria', '', 0, ''),
(151, 1, 1070952866, 'María José ', 'Orozco Yazo', 3208235340, 'mariajosele22@gmail.com', '2007-01-22', 'Colombia', 14, 542, 'Femenino', 'Ninguno', 'No', 'No', 'No', 'No', 'Cra 1G #6-19', 611, 14, 'Categoria B', 'Beneficiario', 'na', 'No', 0, 'Secundaria', 'Bachiller', 0, ''),
(153, 1, 1003526518, 'Juan Francisco ', 'Castiblanco Triana', 3227511036, 'Juan.castiblanco.ph@gmail.com', '2002-01-15', 'Colombia ', 14, 527, 'Masculino', 'Ninguno', 'No', 'No', 'No', 'No', 'Carrera 11 #3-110', 611, 14, 'Categoria D', 'Afiliado Contributiv', 'Fondo Privado', 'Si', 1003526518, 'Secundaria', 'Bachiller ', 0, '');
INSERT INTO `personas` (`id`, `id_tipo_identificacion`, `numero_identificacion`, `nombres`, `apellidos`, `telefono`, `email`, `fecha_nac`, `pais_nac`, `id_departamento_nac`, `id_municipio_nac`, `genero`, `grupo_etnico`, `victima_conflicto`, `persona_discapacidad`, `migrante`, `comunidad_lgbti`, `direccion_residencia`, `id_municipio_residencia`, `id_departamento_residencia`, `categoria_sisben`, `regimen_seguridad_social`, `regimen_pension`, `cuenta_con_rut`, `numero_rut`, `nivel_educativo`, `titulo_educativo`, `terminos`, `ingreso_mensual`) VALUES
(154, 1, 1095916673, 'JENNIFER YASMINA', 'LLANOS CORDERO', 3245936613, 'jyllanos@gmail.com', '1989-02-18', 'COLOMBIA', 27, 900, 'Femenino', 'Ninguno', 'No', 'No', 'No', 'No', 'CLL 6 No 9-67 casa 106', 611, 14, 'Categoria C', 'Afiliado Contributiv', 'Fondo Privado', 'Si', 1095916673, 'Secundaria', 'BACHILLER ACADEMICO', 0, ''),
(155, 1, 1026291147, 'Angelica ', 'Navarro  Martinez ', 3014336506, 'design.anvar@gmail.com', '1995-05-25', 'Colombia', 34, 1101, 'Femenino', 'Ninguno', 'No', 'No', 'No', 'No', 'Cra. 2 Este #19-70', 532, 14, 'No Sabe / No Respond', 'Afiliado Contributiv', 'Fondo Privado', 'Si', 10262911477, 'Prof Universidad', 'diseñador industrial', 0, ''),
(156, 1, 10783715261, 'jhonatan ', 'lopez', 3122734752, 'ccl.ticlopez@gmail.com', '1997-03-13', 'colombia', 14, 611, 'Masculino', 'Ninguno', 'No', 'No', 'No', 'No', 'c', 611, 14, 'No Sabe / No Respond', 'Afiliado Contributiv', 'Fondo Privado', 'No', 0, 'Prof Universidad', 'ingeniero de sistemas', 0, ''),
(157, 1, 80761508, 'Diego Armando', 'Silva Sarmiento', 3172601483, 'diegoa.silvaph@gmail.com', '1983-05-30', 'Colombia', 34, 1101, 'Masculino', 'Ninguno', 'No', 'No', 'No', 'No', 'Carrera 5 # 0 40 ', 608, 14, 'Categoria C', 'Afiliado Contributiv', 'Fondo Privado', 'Si', 80761508, 'Prof Universidad', 'Administración Pública', 0, ''),
(158, 1, 1078367140, 'Jhon Alexander', 'Bernal Rodriguez', 3177717353, 'eventosculturatenjo@gmail.com', '1988-02-24', 'Colombia', 14, 608, 'Masculino', 'Ninguno', 'No', 'No', 'No', 'No', 'carrera 1 G interior 2-57', 611, 14, 'No Sabe / No Respond', 'Afiliado Contributiv', 'Fondo Privado', 'Si', -3, 'Prof Universidad', 'licenciado basico con enfasis en educacion artistica', 0, ''),
(159, 1, 52717346, 'Joanna Cecilia', 'Gómez Parra', 3152436587, 'cinerespira@gmail.com', '1982-02-08', 'Colombia', 34, 1101, 'Femenino', 'Ninguno', 'No', 'No', 'No', 'No', 'vereda de Chucua Tenjo', 611, 14, 'No Sabe / No Respond', 'Afiliado Contributiv', 'Fondo Público', 'Si', 527173460, 'Técnico', 'Técnico el Realización Cinematográfica', 0, ''),
(160, 1, 1014206552, 'Andrés Mauricio', 'Triana Calderón', 3157003105, 'bloudyoficial@gmail.com', '1989-10-27', 'Colombia', 34, 1101, 'Masculino', 'Ninguno', 'No', 'No', 'No', 'No', 'Cra 2#10 75 casa 59 Juaica Condominio', 611, 14, 'Categoria D', 'Afiliado Contributiv', 'Fondo Privado', 'Si', 10142065521, 'Prof Universidad', 'Antropólogo', 0, ''),
(161, 1, 52558002, 'olga lucia', 'cabrera ovalle', 3124956283, 'luciacbreraovalle1120@gmail.com', '1971-11-20', 'colombia', 14, 580, 'Femenino', 'Ninguno', 'No', 'Si', 'No', 'No', 'calle 6 # 3-26', 611, 14, 'Categoria B', 'Afiliado Subsidiado', 'na', 'Si', 525580021, 'Primaria', 'quinto de primaria', 0, ''),
(162, 1, 52431726, 'Dunia Natalia ', 'Gonzalez Gomez', 3023245518, 'dunianatalia07@gmail.com', '1976-09-26', 'Colombia', 14, 547, 'Femenino', 'Ninguno', 'No', 'No', 'No', 'No', 'Granja Homa, Vereda Chince, Sector Zoque', 611, 14, 'Categoria C', 'Afiliado Subsidiado', 'BEPS', 'Si', 524317267, 'Prof Universidad', 'Biologa', 0, ''),
(163, 1, 1019985109, 'Yehosua', 'Bejarano Caceres', 3178150500, 'bejaranocaceresy@gmail.com', '2025-03-11', 'Colombia', 34, 1101, 'Masculino', 'Ninguno', 'No', 'No', 'No', 'No', 'Calle 10 # 5-78 Torre 4 Apt 209', 611, 14, 'Categoria D', 'Afiliado Contributiv', 'Fondo Público', 'No', 0, 'Secundaria', 'Bachiller', 0, ''),
(164, 1, 1025061204, 'Simon', 'Alvarado Ahumada', 3195560373, 'simon.alvarado.ahumada@gmail.com', '2005-05-02', 'Colombia', 34, 1101, 'Masculino', 'Ninguno', 'No', 'No', 'No', 'No', 'Calle 6 #9-67', 611, 14, 'Categoria D', 'Afiliado Subsidiado', 'na', 'No', 0, 'Secundaria', 'Bachiller', 0, ''),
(165, 1, 1032426793, 'JULIAN JAVIER', 'BERNATE SUAREZ', 3107696819, 'juliber7@gmail.com', '1989-01-26', 'Colombia', 34, 1101, 'Masculino', 'Ninguno', 'No', 'No', 'No', 'No', 'Calle 10 #5-78. Conjunto Verdhia, torre 1, apartamento 201', 611, 14, 'Categoria D', 'Ninguno', 'Fondo Público', 'Si', 1032426793, 'Prof Universidad', 'Arquitecto', 0, ''),
(166, 1, 35502704, 'janeth cristina', 'russi monroy', 3044533324, 'janethrussi24@gmail.com', '1964-02-24', 'Colombia', 14, 1910, 'Femenino', 'Ninguno', 'No', 'No', 'No', 'No', 'cra 9 # 3-119 casa 2 conjuto alameda', 611, 14, 'Categoria D', 'Beneficiario', 'Fondo Privado', 'Si', 35502704, 'Técnico', 'diseño textil', 0, ''),
(167, 1, 52666596, 'Angela del Carmen ', 'Rodríguez Duarte ', 3223261170, 'angeladelcarmenrodriguezd@gmail.com', '1980-06-28', 'Colombia ', 14, 611, 'Femenino', 'Ninguno', 'No', 'No', 'No', 'No', 'Calle 11#3-110 flor de la sabana, torre 3 apto 402', 611, 14, 'Categoria C', 'Beneficiario', 'BEPS', 'No', 0, 'Secundaria', 'Bachiller académico ', 0, ''),
(168, 1, 51920501, 'MONICA', 'MEJIA BERNAL', 3143017265, 'm2b2g1o1@gmail.com', '1968-12-08', 'Colombia', 14, 1910, 'Femenino', 'Ninguno', 'No', 'No', 'No', 'No', 'VEREDA JUAICA', 608, 14, 'Categoria C', 'Afiliado Contributiv', 'Fondo Privado', 'No', 0, 'Prof Universidad', 'COMUNICADORA SOCIAL COMUNITARIA', 0, ''),
(169, 1, 1000100100, 'Diego Armando ', 'Silva Sarmiento', 3172601483, 'proyectosimcttapoyo@gmail.com', '1983-05-30', 'Colombiano', 34, 1101, 'Masculino', 'Ninguno', 'No', 'No', 'No', 'No', 'Carrera 5 # 0-50', 608, 14, 'Categoria C', 'Afiliado Contributiv', 'Fondo Privado', 'Si', 8071508, 'Prof Universidad', 'Administrador Público', 0, ''),
(170, 1, 79830627, 'Yohannes', 'Hernandez', 3144119003, 'yohanhn3009@gmail.com', '1976-09-30', 'Colombia ', 14, 1910, 'Masculino', 'Ninguno', 'No', 'No', 'No', 'No', 'Carrera 9 #1c-43 apartamento 203 porvenir ', 611, 14, 'Categoria D', 'Afiliado Contributiv', 'Fondo Privado', 'Si', 79830627, 'Prof Universidad', 'Ingeniero de sistemas ', 0, ''),
(171, 1, 1078371587, 'Catalina ', 'Cardozo Martinez ', 394605993, 'catalinacardozo565@gmail.com', '1997-04-11', 'Colombia ', 34, 1101, 'Femenino', 'Ninguno', 'No', 'No', 'No', 'No', 'Calle 2 #1 d 07', 611, 14, 'Categoria D', 'Afiliado Contributiv', 'Fondo Público', 'Si', 5911, 'Prof Universidad', 'Maestra Cinematográfica ', 0, ''),
(172, 1, 33701599, 'Leidy Yohana ', 'Villamil Peralta ', 3178683128, '11yohana4@gmail.com', '1982-04-11', 'Colombia', 6, 224, 'Femenino', 'Ninguno', 'Si', 'No', 'No', 'No', 'vereda churuguaco alto sector el cerezo', 611, 14, 'Categoria C', 'Afiliado Contributiv', 'BEPS', 'Si', -8, 'Técnico', 'joyería básica', 0, ''),
(173, 1, 1078371102, 'Mariana', 'González Poveda', 3237879710, 'gonzalezpovedamariana17@gmail.com', '1996-03-22', 'colombia', 14, 611, 'Femenino', 'Ninguno', 'No', 'No', 'No', 'No', 'Transversal 1G#0-59', 611, 14, 'No Sabe / No Respond', 'Afiliado Contributiv', 'Fondo Privado', 'Si', 1078371102, 'Prof Universidad', 'Licenciada en pedagogía infantil', 0, ''),
(174, 1, 1130634766, 'Johnatan ', 'Suarez Montoya', 3174822463, 'juarezmontoya@gmail.com', '1987-07-01', 'Colombia', 30, 1061, 'Masculino', 'Ninguno', 'No', 'No', 'No', 'No', 'Cra 9 No 1B-55 casa 1 Barrio El Porvenir', 611, 14, 'No Sabe / No Respond', 'Afiliado Contributiv', 'Fondo Privado', 'Si', 0, 'Prof Universidad', 'Ingeniero en alimentos', 0, ''),
(175, 1, 1061727457, 'Maria Fernanda', 'Mendez Alvarez', 3116401837, 'mafartas@gmail.com', '1990-03-25', 'Colombia', 10, 418, 'Femenino', 'Ninguno', 'No', 'No', 'No', 'No', 'Cra 9 No 1B-55 casa 1 Barrio El Porvenir', 611, 14, 'No Sabe / No Respond', 'Beneficiario', 'Fondo Privado', 'Si', 0, 'Tecnólogo', 'Tecnologa en alimentos - Especialista en panificación', 0, ''),
(176, 1, 53035954, 'Nancy Patricia ', 'González González', 3103358436, 'nancypatriciagonzalezg@gmail.com', '1983-12-25', 'Colombia ', 34, 1101, 'Femenino', 'Ninguno', 'No', 'No', 'No', 'No', 'Calle 2 #1-151', 611, 14, 'No Sabe / No Respond', 'na', 'Fondo Público', 'Si', 53036954, 'Prof Postgrado', 'Maestría en Educación ', 0, ''),
(177, 1, 1078373031, 'Andrs David', 'Duarte Calderón', 3243940868, 'andresduarte990@gmail.com', '1999-11-26', 'Colombia', 34, 1101, 'Masculino', 'Ninguno', 'No', 'No', 'No', 'No', 'kilometro 2,1 via la punta', 611, 14, 'Categoria C', 'Afiliado Subsidiado', 'na', 'No', 0, 'Prof Universidad', 'profesional en fotografía', 0, ''),
(178, 1, 52299697, 'ELSA', 'PARRA GOMEZ', 3112341501, 'elsa_7505@hotmail.com', '1975-05-07', 'colombia', 14, 611, 'Femenino', 'Ninguno', 'No', 'No', 'No', 'No', 'Kra 9 #1 C 43 APTO 203', 611, 14, 'Categoria D', 'Afiliado Subsidiado', 'Fondo Público', 'Si', 52299697, 'Prof Universidad', 'Ingeniero de Sistemas', 0, ''),
(179, 1, 1078372660, 'Javier Rolando', 'Molina Bulla', 3173113664, 'javiermolina0403@gmail.com', '1999-04-03', 'Colombia', 34, 1101, 'Masculino', 'Ninguno', 'No', 'No', 'No', 'No', 'Vereda Chincé, Sector Zoque', 611, 14, 'Categoria D', 'Afiliado Contributiv', 'Fondo Privado', 'Si', 1078372660, 'Tecnólogo', 'Realizador Audiovisual', 0, ''),
(180, 1, 3230346, 'German Guillermo ', 'Perilla Aza', 3155895116, 'ganperaza78@gmail.com', '1978-12-03', 'Colombia', 34, 1101, 'Masculino', 'Ninguno', 'No', 'No', 'No', 'No', 'Carrera 3 # 1 - 27', 611, 14, 'Categoria D', 'Afiliado Contributiv', 'Fondo Privado', 'Si', 3230346, 'Técnico', 'Tc Profesional en Producción Agricola', 0, ''),
(181, 1, 52860153, 'Johanna Carolina', 'Cely Paez', 3143512110, 'johanna507@yahoo.es', '1982-08-01', 'Colombia', 34, 1101, 'Femenino', 'Ninguno', 'No', 'No', 'No', 'No', 'CR 1F 1F 40', 611, 14, 'Categoria C', 'Afiliado Subsidiado', 'BEPS', 'Si', 52860153, 'Técnico', 'Auxiliar de archivo', 0, ''),
(182, 1, 1078369084, 'Lizeth Milena', 'Garcia Mondragon', 3132726464, 'proyectoenimagenes@gmail.com', '1992-04-17', 'colombia', 14, 583, 'Femenino', 'Ninguno', 'No', 'No', 'No', 'No', 'calle 11 #3-110  Flor de la sabana Parque residencial torre 2 apto 203', 611, 14, 'Categoria C', 'Afiliado Subsidiado', 'Fondo Público', 'Si', 10783690848, 'Prof Universidad', 'Licenciada en Artes Visuales', 0, ''),
(183, 1, 901580995, 'MARISOL ', 'GUTIERREZ MATALLANA', 3186911131, 'marigutsol@yahoo.com', '1970-06-07', 'COLOMBIA', 34, 1101, 'Femenino', 'Ninguno', 'No', 'No', 'No', 'No', 'calle10#4-57', 611, 14, 'Categoria D', 'Afiliado Contributiv', 'Fondo Público', 'Si', 51999500, 'Prof Universidad', 'DISEÑO DE MODAS', 0, ''),
(184, 1, 51999500, 'MARISOL ', 'GUTIERREZ', 3214531590, 'andresamgu19@hotmail.com', '1970-06-07', 'COLOMBIA', 14, 611, 'Femenino', 'Ninguno', 'No', 'No', 'No', 'No', 'CALLE 10 #4-57', 611, 14, 'Categoria D', 'Afiliado Contributiv', 'Fondo Público', 'Si', 51999500, 'Prof Universidad', 'DISEÑO DE MODAS', 0, ''),
(185, 1, 20995359, 'Sandra Yovanna', 'Rodriguez Daza', 3112788620, 'johannafeli0621@gmail.com', '1979-12-10', 'Colombia ', 14, 608, 'Femenino', 'Ninguno', 'No', 'No', 'No', 'No', 'Churuguaco ', 611, 14, 'Categoria A', 'Afiliado Contributiv', 'Fondo Público', 'Si', 20995359, 'Técnico', 'Técnico laboral por competencias en teatro ', 0, ''),
(186, 1, 20551137, 'Blanca Cecilia ', 'Rubiano Aza ', 3122350819, 'blanrubi94@hotmail.com', '1961-11-22', 'Colombia ', 14, 611, 'Femenino', 'Ninguno', 'No', 'No', 'No', 'No', 'Vereda Martin y Espino Finca Veraguas ', 611, 14, 'Categoria D', 'Afiliado Contributiv', 'BEPS', 'Si', 205511377, 'Técnico', 'Técnico Profesional Intermedio en Textiles ', 0, ''),
(187, 1, 79881792, 'GERMAN LEONARDO', 'VEGA RAMIREZ', 3153281592, 'gerleovegram@gmail.com', '1980-03-24', 'colombia', 14, 1910, 'Masculino', 'Ninguno', 'No', 'No', 'No', 'No', 'Calle 10 5 - 78 conjunto VERDHIA, torre 4 Apartamento 301', 611, 14, 'Categoria D', 'Afiliado Contributiv', 'Fondo Privado', 'Si', 79881792, 'Prof Universidad', 'Ingeniero Electronico', 0, ''),
(192, 1, 1028720679, '1028720679', '1028720679', 1028720679, 'ccl.ticlopez@gmail.com', '1997-03-13', 'Colombia', 2, 132, 'Masculino', 'Ninguno', 'No', 'No', 'No', 'No', 'Cra 3 880', 10, 1, 'Categoria C', 'Beneficiario', 'BEPS', 'No', 0, 'Tecnólogo', 'ingeniero de sistemas', 1, 'Menos de medio salario mínimo (Menos de $500.000)');

-- --------------------------------------------------------

--
-- Estructura de tabla para la tabla `sector_cultural`
--

CREATE TABLE `sector_cultural` (
  `id` int(11) NOT NULL,
  `nombre` varchar(50) DEFAULT NULL
) ENGINE=InnoDB DEFAULT CHARSET=utf8mb4 COLLATE=utf8mb4_general_ci;

--
-- Volcado de datos para la tabla `sector_cultural`
--

INSERT INTO `sector_cultural` (`id`, `nombre`) VALUES
(1, 'Artes'),
(2, 'Artesanal'),
(3, 'Industrias Culturales'),
(4, 'Gestión Cultural'),
(5, 'Patrimonio');

-- --------------------------------------------------------

--
-- Estructura de tabla para la tabla `sub_sector_cultural`
--

CREATE TABLE `sub_sector_cultural` (
  `id` int(11) NOT NULL,
  `id_sector_cultural` int(11) NOT NULL,
  `nombre` varchar(100) NOT NULL
) ENGINE=InnoDB DEFAULT CHARSET=utf8mb4 COLLATE=utf8mb4_general_ci;

--
-- Volcado de datos para la tabla `sub_sector_cultural`
--

INSERT INTO `sub_sector_cultural` (`id`, `id_sector_cultural`, `nombre`) VALUES
(1, 1, 'Artes plásticas'),
(2, 1, 'Artes visuales'),
(3, 1, 'Danza'),
(4, 1, 'Teatro'),
(5, 1, 'Música'),
(6, 1, 'Literatura'),
(7, 1, 'Otro'),
(8, 2, 'Cerámica'),
(9, 2, 'Cestería'),
(10, 2, 'Ebanistería'),
(11, 2, 'Joyería'),
(12, 2, 'Marroquinería'),
(13, 2, 'Otro'),
(14, 3, 'Servicios de fotografía y video'),
(15, 3, 'Medios impresos y publicaciones'),
(16, 3, 'Diseño (gráfico, de modas, etc.)'),
(17, 3, 'Radio'),
(18, 3, 'Televisión y cinematografía'),
(19, 3, 'Producción musical'),
(20, 3, 'Otro'),
(21, 4, 'Gestión Cultural'),
(22, 5, 'Vigías'),
(23, 5, 'Portador de saberes tradicionales'),
(24, 5, 'Otro');

-- --------------------------------------------------------

--
-- Estructura de tabla para la tabla `tipo_identificacion`
--

CREATE TABLE `tipo_identificacion` (
  `id` int(11) NOT NULL,
  `nombre` varchar(100) NOT NULL
) ENGINE=InnoDB DEFAULT CHARSET=utf8mb4 COLLATE=utf8mb4_general_ci;

--
-- Volcado de datos para la tabla `tipo_identificacion`
--

INSERT INTO `tipo_identificacion` (`id`, `nombre`) VALUES
(1, 'Cedula de Ciudadania'),
(2, 'Cedula de Extrangeria'),
(3, 'Permiso Especial de Permanencia');

-- --------------------------------------------------------

--
-- Estructura de tabla para la tabla `tipo_usuario`
--

CREATE TABLE `tipo_usuario` (
  `id` int(11) NOT NULL,
  `nombre` varchar(20) NOT NULL
) ENGINE=InnoDB DEFAULT CHARSET=utf8mb4 COLLATE=utf8mb4_general_ci;

--
-- Volcado de datos para la tabla `tipo_usuario`
--

INSERT INTO `tipo_usuario` (`id`, `nombre`) VALUES
(1, 'Administrador'),
(2, 'Artista');

-- --------------------------------------------------------

--
-- Estructura de tabla para la tabla `trayectoria`
--

CREATE TABLE `trayectoria` (
  `id` int(11) NOT NULL,
  `id_usuario` int(11) NOT NULL,
  `id_sub_sector_cultural` int(11) NOT NULL,
  `actividades_formacion` varchar(30) DEFAULT NULL,
  `actividades_creacion_produccion` varchar(30) DEFAULT NULL,
  `actividades_investigacion` varchar(30) DEFAULT NULL,
  `actividades_promosion` varchar(30) DEFAULT NULL,
  `actividades_emprendiimiento` varchar(30) DEFAULT NULL,
  `anios_experiencia` int(11) NOT NULL,
  `trayectoria_aprobada` int(11) DEFAULT NULL,
  `archivo` varchar(200) DEFAULT NULL,
  `MotivoRechazo` text DEFAULT NULL,
  `procesoartistico` text NOT NULL
) ENGINE=InnoDB DEFAULT CHARSET=utf8mb4 COLLATE=utf8mb4_general_ci;

--
-- Volcado de datos para la tabla `trayectoria`
--

INSERT INTO `trayectoria` (`id`, `id_usuario`, `id_sub_sector_cultural`, `actividades_formacion`, `actividades_creacion_produccion`, `actividades_investigacion`, `actividades_promosion`, `actividades_emprendiimiento`, `anios_experiencia`, `trayectoria_aprobada`, `archivo`, `MotivoRechazo`, `procesoartistico`) VALUES
(1, 1, 5, 'Ocasionalmente', 'Ocasionalmente', 'Ocasionalmente', 'Ocasionalmente', 'Ocasionalmente', 10, 2, 'uploaded_files/1/certificado6274757.pdf', NULL, ''),
(2, 8, 1, 'Ocasionalmente', 'Ocasionalmente', 'Siempre', 'Frecuentemente', 'Siempre', 2, 1, 'uploaded_files/8/Nelson Parra experiencia.pdf', NULL, ''),
(5, 9, 1, 'Siempre', 'Siempre', '', 'Siempre', 'Frecuentemente', 8, 1, 'uploaded_files/9/CERTIFICACIONES PAULA BERNAL G HV 2024.pdf', NULL, ''),
(6, 9, 1, 'Siempre', 'Frecuentemente', 'Frecuentemente', 'Frecuentemente', 'Frecuentemente', 8, 1, 'uploaded_files/9/CERTIFICACIONES PAULA BERNAL G HV 2024.pdf', NULL, ''),
(9, 14, 1, 'Ocasionalmente', 'Ocasionalmente', 'Ocasionalmente', 'Ocasionalmente', 'Ocasionalmente', 10, 2, NULL, NULL, ''),
(10, 14, 1, 'Ocasionalmente', 'Ocasionalmente', 'Ocasionalmente', 'Ocasionalmente', 'Ocasionalmente', 10, 1, 'uploaded_files/14/Adobe Scan 14 may 2024.pdf', NULL, ''),
(11, 13, 2, 'Frecuentemente', 'Frecuentemente', 'Ocasionalmente', 'Ocasionalmente', 'Ocasionalmente', 11, 1, 'uploaded_files/13/Hoja de vida y certificaciones Nancy Zapata.pdf', NULL, ''),
(13, 22, 14, 'Frecuentemente', 'Ocasionalmente', 'Ocasionalmente', 'Ocasionalmente', 'Frecuentemente', 7, 1, 'uploaded_files/22/2. Trabajo artistico.pdf', NULL, ''),
(14, 23, 21, 'Frecuentemente', 'Frecuentemente', '', 'Ocasionalmente', 'Ocasionalmente', 35, 1, 'uploaded_files/23/SOPORTES ELIZABETH MORA.pdf', NULL, ''),
(17, 31, 4, 'Siempre', 'Siempre', 'Ocasionalmente', 'Siempre', 'Frecuentemente', 40, 1, 'uploaded_files/31/Hoja de vida con soportes Javier Montoya 2024.pdf', NULL, ''),
(18, 35, 4, 'Rara vez', 'Frecuentemente', 'Rara vez', 'Frecuentemente', 'Rara vez', 3, 1, 'uploaded_files/35/CERTIFICACIÓN CARLOS ANDRES RAMIRES GONZALEZ 2024.pdf', NULL, ''),
(19, 36, 5, 'Rara vez', 'Frecuentemente', 'Nunca', 'Frecuentemente', 'Nunca', 4, 1, 'uploaded_files/36/CertificadoExperiencia.pdf', NULL, ''),
(20, 25, 23, 'Frecuentemente', 'Frecuentemente', 'Frecuentemente', 'Ocasionalmente', 'Frecuentemente', 10, 1, 'uploaded_files/25/certificaciones Añexandra Sierra .pdf', NULL, ''),
(21, 25, 23, 'Frecuentemente', 'Frecuentemente', 'Frecuentemente', 'Ocasionalmente', 'Frecuentemente', 10, 1, 'uploaded_files/25/certificaciones Añexandra Sierra .pdf', NULL, ''),
(24, 32, 13, 'Siempre', 'Siempre', 'Ocasionalmente', 'Frecuentemente', 'Frecuentemente', 50, 1, 'uploaded_files/32/ANEXOS.pdf', NULL, ''),
(29, 45, 13, 'Siempre', 'Siempre', 'Ocasionalmente', 'Rara vez', '', 7, 1, 'uploaded_files/45/Laura Muñoz - Hoja de Vida Artística 2024.pdf', NULL, ''),
(30, 34, 21, 'Nunca', 'Nunca', 'Nunca', 'Nunca', 'Nunca', 0, 1, 'uploaded_files/34/LORENA ESPITIA MACIAS.pdf', NULL, ''),
(31, 33, 21, 'Nunca', 'Nunca', 'Nunca', 'Nunca', 'Nunca', 0, 1, 'uploaded_files/33/JHON JAIRO VENEGAS CASTALLEDA.pdf', NULL, ''),
(32, 47, 20, 'Ocasionalmente', 'Rara vez', 'Frecuentemente', 'Ocasionalmente', 'Frecuentemente', 7, 1, 'uploaded_files/47/Resume Business Consultant Feb 2023.pdf', NULL, ''),
(33, 30, 21, 'Nunca', 'Nunca', 'Nunca', 'Nunca', 'Nunca', 5, 1, 'uploaded_files/30/Angelica maría Nemocón Rodríguez.pdf', NULL, ''),
(34, 28, 21, 'Nunca', 'Nunca', 'Nunca', 'Nunca', 'Nunca', 6, 1, 'uploaded_files/28/JHON FREDY CIFUENTES GONZALEZ.pdf', NULL, ''),
(35, 42, 24, 'Frecuentemente', 'Frecuentemente', 'Frecuentemente', 'Ocasionalmente', 'Ocasionalmente', 10, 1, 'uploaded_files/42/Soportes JLSC 2024.pdf', NULL, ''),
(37, 48, 4, 'Siempre', 'Siempre', 'Frecuentemente', 'Frecuentemente', 'Frecuentemente', 9, 1, 'uploaded_files/48/certificados.pdf', NULL, ''),
(38, 15, 24, 'Siempre', 'Siempre', 'Siempre', 'Frecuentemente', 'Rara vez', 24, 1, 'uploaded_files/15/Maria Jose Casasbuenas.pdf', NULL, ''),
(40, 55, 1, 'Frecuentemente', 'Ocasionalmente', 'Rara vez', 'Rara vez', 'Rara vez', 25, 1, 'uploaded_files/55/OBRAS MAURICIO.pdf', NULL, ''),
(41, 52, 1, 'Frecuentemente', 'Frecuentemente', 'Ocasionalmente', 'Frecuentemente', 'Frecuentemente', 20, 1, 'uploaded_files/52/Soportes yadira.pdf', NULL, ''),
(42, 58, 3, 'Frecuentemente', 'Frecuentemente', 'Ocasionalmente', 'Frecuentemente', 'Frecuentemente', 8, 1, 'uploaded_files/58/HV Gaby.pdf', NULL, ''),
(43, 27, 21, 'Nunca', 'Nunca', 'Nunca', 'Nunca', 'Nunca', 6, 1, 'uploaded_files/27/Nidia Marcela Vargas Charry.pdf', NULL, ''),
(44, 26, 21, 'Nunca', 'Nunca', 'Nunca', 'Nunca', 'Nunca', 6, 1, 'uploaded_files/26/migel angel castellanos.pdf', NULL, ''),
(45, 29, 21, 'Nunca', 'Nunca', 'Nunca', 'Nunca', 'Nunca', 4, 1, 'uploaded_files/29/EMMA VICTORIA FARFAN CASTELLANOS.pdf', NULL, ''),
(47, 50, 13, 'Ocasionalmente', 'Ocasionalmente', 'Frecuentemente', 'Ocasionalmente', 'Ocasionalmente', 10, 1, 'uploaded_files/50/trabajos rafael.pdf', NULL, ''),
(48, 43, 21, 'Siempre', 'Siempre', 'Siempre', 'Frecuentemente', 'Siempre', 3, 1, 'uploaded_files/43/CERTIFICADO RNT N° 107119 RENOVADO EN ENERO 11 DE 2024.pdf', NULL, ''),
(49, 43, 21, 'Frecuentemente', 'Siempre', 'Siempre', 'Frecuentemente', 'Siempre', 0, 2, 'uploaded_files/43/CERTIFICADO RNT N° 107119 RENOVADO EN ENERO 11 DE 2024.pdf', NULL, ''),
(50, 43, 21, 'Siempre', 'Siempre', 'Frecuentemente', 'Frecuentemente', 'Siempre', 3, 1, 'uploaded_files/43/CERTIFICADO RNT N° 107119 RENOVADO EN ENERO 11 DE 2024.pdf', NULL, ''),
(51, 43, 21, 'Frecuentemente', 'Siempre', 'Siempre', 'Frecuentemente', 'Siempre', 0, 2, 'uploaded_files/43/CERTIFICADO RNT N° 107119 RENOVADO EN ENERO 11 DE 2024.pdf', NULL, ''),
(52, 60, 1, 'Siempre', 'Frecuentemente', 'Ocasionalmente', 'Ocasionalmente', 'Ocasionalmente', 20, 2, 'uploaded_files/60/OBRAS CAROLINA GIRALDO BELTRAN.pdf', NULL, ''),
(53, 43, 21, 'Frecuentemente', '', '', 'Frecuentemente', 'Siempre', 3, 1, 'uploaded_files/43/CERTIFICADO RNT N° 107119 RENOVADO EN ENERO 11 DE 2024.pdf', NULL, ''),
(54, 60, 1, 'Siempre', 'Siempre', 'Ocasionalmente', 'Ocasionalmente', 'Ocasionalmente', 20, 1, 'uploaded_files/60/OBRAS CAROLINA GIRALDO BELTRAN.pdf', NULL, ''),
(55, 53, 3, 'Ocasionalmente', 'Ocasionalmente', 'Ocasionalmente', 'Ocasionalmente', 'Ocasionalmente', 10, 1, 'uploaded_files/53/portafolio humano.pdf', NULL, ''),
(56, 69, 3, 'Frecuentemente', 'Frecuentemente', 'Ocasionalmente', 'Frecuentemente', 'Frecuentemente', 8, 1, 'uploaded_files/69/CV artistico Amparo Hernandez.pdf', NULL, ''),
(57, 72, 15, 'Ocasionalmente', 'Ocasionalmente', 'Frecuentemente', 'Ocasionalmente', 'Nunca', 12, 1, 'uploaded_files/72/PDF SOPORTE ARTENJO 2024 CELY.pdf', NULL, ''),
(58, 73, 1, 'Siempre', 'Frecuentemente', 'Ocasionalmente', 'Frecuentemente', 'Rara vez', 12, 1, 'uploaded_files/73/Documento sin título.pdf', NULL, ''),
(60, 68, 1, 'Ocasionalmente', 'Siempre', 'Ocasionalmente', 'Frecuentemente', 'Rara vez', 7, 1, 'uploaded_files/68/Soportes Experiencia y Trayectoria - Suaie Parra.pdf', NULL, ''),
(61, 41, 21, 'Ocasionalmente', 'Ocasionalmente', 'Ocasionalmente', 'Nunca', 'Ocasionalmente', 10, 1, 'uploaded_files/41/Hoja de Vida GPC, convocatoria ARTENJO 2024.pdf', NULL, ''),
(62, 41, 21, 'Ocasionalmente', 'Ocasionalmente', 'Ocasionalmente', 'Nunca', 'Ocasionalmente', -10, 1, 'uploaded_files/41/RNT 2024.pdf', NULL, ''),
(63, 67, 23, 'Frecuentemente', 'Frecuentemente', 'Siempre', 'Ocasionalmente', 'Siempre', 4, 2, NULL, NULL, ''),
(64, 67, 23, 'Siempre', 'Siempre', 'Siempre', 'Siempre', 'Siempre', 4, 1, 'uploaded_files/67/CERTIFICADO DE TURISMO CAR.pdf', NULL, ''),
(65, 77, 4, 'Siempre', 'Frecuentemente', 'Nunca', 'Siempre', 'Ocasionalmente', 33, 1, 'uploaded_files/77/Soportes Esmeralda Quintana.pdf', NULL, ''),
(67, 78, 17, 'Frecuentemente', 'Frecuentemente', 'Ocasionalmente', 'Siempre', 'Frecuentemente', 13, 1, 'uploaded_files/78/Quién es Jimmy Alexander Miranda Rodríguez.pdf', NULL, ''),
(68, 24, 21, 'Ocasionalmente', 'Frecuentemente', 'Frecuentemente', 'Frecuentemente', 'Siempre', 17, 1, 'uploaded_files/24/EXPERIENCIA KELLY JOHANA RICO MILLAN.pdf', NULL, ''),
(69, 79, 2, 'Ocasionalmente', 'Siempre', 'Rara vez', 'Rara vez', 'Ocasionalmente', 15, 1, 'uploaded_files/79/JavierA.pdf', NULL, ''),
(70, 80, 22, 'Ocasionalmente', 'Frecuentemente', 'Siempre', 'Rara vez', 'Siempre', 1, 1, 'uploaded_files/80/Certificado Goliardos.docx (1).pdf', NULL, ''),
(72, 83, 8, 'Siempre', 'Siempre', '', 'Frecuentemente', 'Frecuentemente', -5, 2, 'uploaded_files/83/HV Y CERTIFICACIONES.pdf', NULL, ''),
(73, 83, 8, 'Siempre', 'Siempre', 'Siempre', 'Frecuentemente', 'Frecuentemente', -5, 1, 'uploaded_files/83/HV Y CERTIFICACIONES.pdf', NULL, ''),
(74, 78, 20, 'Frecuentemente', 'Frecuentemente', 'Ocasionalmente', 'Siempre', 'Frecuentemente', 13, 1, 'uploaded_files/78/Quién es Jimmy Alexander Miranda Rodríguez OK.pdf', NULL, ''),
(77, 61, 1, 'Siempre', 'Frecuentemente', 'Ocasionalmente', 'Ocasionalmente', 'Rara vez', 5, 1, 'uploaded_files/61/OBRAS EN CARBONCILLO, ACUARELA, OLEO.pdf', NULL, ''),
(78, 85, 21, 'Siempre', 'Siempre', 'Frecuentemente', 'Siempre', 'Siempre', -8, 1, 'uploaded_files/85/Presentación Sandra.pdf', NULL, ''),
(79, 62, 1, 'Frecuentemente', 'Siempre', 'Ocasionalmente', 'Ocasionalmente', 'Ocasionalmente', 11, 1, 'uploaded_files/62/Obras Mary Gladys Alvarez.pdf', NULL, ''),
(80, 87, 21, 'Frecuentemente', 'Frecuentemente', 'Rara vez', 'Ocasionalmente', 'Ocasionalmente', 3, 1, 'uploaded_files/87/CERTIFICACIÓN YAMILE ANDREA SIERRA PAEZ 2024.pdf', NULL, ''),
(81, 88, 20, 'Ocasionalmente', 'Ocasionalmente', 'Ocasionalmente', 'Ocasionalmente', 'Ocasionalmente', 10, 1, 'uploaded_files/88/ANEXOS.pdf', NULL, ''),
(83, 91, 2, 'Rara vez', 'Frecuentemente', 'Ocasionalmente', 'Rara vez', 'Ocasionalmente', 6, 1, 'uploaded_files/91/Digitalizado_20240608-1842.pdf', NULL, ''),
(84, 93, 22, 'Frecuentemente', 'Ocasionalmente', 'Frecuentemente', 'Ocasionalmente', 'Ocasionalmente', 14, 1, 'uploaded_files/93/Soportes_experiencia_patrimonio.pdf', NULL, ''),
(85, 96, 4, 'Siempre', 'Frecuentemente', 'Frecuentemente', 'Frecuentemente', 'Ocasionalmente', 0, 1, 'uploaded_files/96/ilovepdf_merged (1).pdf', NULL, ''),
(86, 96, 6, 'Frecuentemente', 'Frecuentemente', 'Frecuentemente', 'Ocasionalmente', 'Rara vez', 2, 2, NULL, NULL, ''),
(87, 96, 6, 'Frecuentemente', 'Frecuentemente', 'Frecuentemente', 'Ocasionalmente', 'Frecuentemente', 2, 1, 'uploaded_files/96/Patricia Guapo.pdf', NULL, ''),
(89, 98, 2, 'Frecuentemente', 'Frecuentemente', 'Frecuentemente', 'Frecuentemente', 'Ocasionalmente', 10, 2, NULL, NULL, ''),
(90, 98, 2, 'Ocasionalmente', 'Frecuentemente', 'Frecuentemente', 'Frecuentemente', 'Rara vez', 10, 2, NULL, NULL, ''),
(91, 98, 2, 'Frecuentemente', 'Frecuentemente', 'Ocasionalmente', 'Frecuentemente', 'Rara vez', 8, 1, 'uploaded_files/98/Experiencia JuanRojas.pdf', NULL, ''),
(94, 102, 2, 'Siempre', 'Siempre', 'Frecuentemente', 'Frecuentemente', 'Ocasionalmente', 6, 1, 'uploaded_files/102/Soportes Constanza Molina.pdf', NULL, ''),
(95, 102, 2, 'Siempre', 'Siempre', 'Frecuentemente', '', 'Frecuentemente', 6, 1, 'uploaded_files/102/Soportes Constanza Molina.pdf', NULL, ''),
(97, 100, 22, 'Frecuentemente', 'Ocasionalmente', 'Ocasionalmente', 'Ocasionalmente', 'Ocasionalmente', 3, 1, 'uploaded_files/100/Documento de Jenny🌼.pdf', NULL, ''),
(98, 92, 21, 'Frecuentemente', 'Ocasionalmente', 'Frecuentemente', 'Ocasionalmente', 'Ocasionalmente', 15, 1, 'uploaded_files/92/Documentos de certificaciones Gloria Triviño ARTENJO .pdf', NULL, ''),
(99, 95, 20, 'Ocasionalmente', 'Ocasionalmente', 'Ocasionalmente', 'Ocasionalmente', 'Ocasionalmente', 10, 1, 'uploaded_files/95/Fabian leonardo Jara Henao.pdf', NULL, ''),
(100, 103, 22, 'Frecuentemente', 'Ocasionalmente', 'Ocasionalmente', 'Ocasionalmente', 'Ocasionalmente', 12, 1, 'uploaded_files/103/Soportes_Constanza.pdf', NULL, ''),
(104, 105, 22, 'Frecuentemente', 'Frecuentemente', 'Rara vez', 'Ocasionalmente', 'Frecuentemente', 6, 1, 'uploaded_files/105/Soportes_Antonia.pdf', NULL, ''),
(106, 106, 2, 'Ocasionalmente', 'Ocasionalmente', 'Ocasionalmente', 'Ocasionalmente', 'Ocasionalmente', 1, 1, 'uploaded_files/106/CV Sara Bautista.pdf', NULL, ''),
(107, 67, 23, 'Siempre', 'Frecuentemente', 'Ocasionalmente', 'Ocasionalmente', 'Frecuentemente', 4, 1, 'uploaded_files/67/certificados cursos.pdf', NULL, ''),
(109, 90, 2, 'Siempre', 'Ocasionalmente', 'Siempre', 'Rara vez', 'Ocasionalmente', 4, 1, 'uploaded_files/90/Teresa Castaño Hoja Vida y soportes en un doc.pdf', NULL, ''),
(111, 111, 1, 'Frecuentemente', 'Siempre', 'Frecuentemente', 'Frecuentemente', 'Siempre', 20, 1, 'uploaded_files/111/Hoja de Vida-Diana Herrera Macias.pdf', NULL, ''),
(112, 108, 2, 'Rara vez', 'Ocasionalmente', 'Ocasionalmente', 'Ocasionalmente', 'Ocasionalmente', 5, 1, 'uploaded_files/108/Certificados artisticos.pdf', NULL, ''),
(113, 66, 21, 'Frecuentemente', 'Frecuentemente', 'Siempre', 'Frecuentemente', 'Nunca', 4, 1, 'uploaded_files/66/sustentos-fusionado (1).pdf', NULL, ''),
(115, 112, 23, 'Siempre', 'Siempre', 'Ocasionalmente', 'Frecuentemente', 'Siempre', 40, 1, 'uploaded_files/112/certificaciones Olga.pdf', NULL, ''),
(116, 76, 7, 'Frecuentemente', 'Frecuentemente', 'Frecuentemente', 'Frecuentemente', 'Frecuentemente', 5, 1, 'uploaded_files/76/Diploma Fernanda .pdf', NULL, ''),
(117, 113, 3, 'Rara vez', 'Ocasionalmente', 'Nunca', 'Ocasionalmente', 'Nunca', 3, 1, 'uploaded_files/113/CERTIFICACIÓN GABRIEL MUÑOZ.pdf', NULL, ''),
(118, 84, 14, 'Frecuentemente', 'Frecuentemente', 'Ocasionalmente', 'Frecuentemente', 'Frecuentemente', 5, 1, 'uploaded_files/84/Perfil de Sergio.pdf', NULL, ''),
(119, 114, 24, 'Ocasionalmente', 'Rara vez', 'Ocasionalmente', 'Nunca', 'Frecuentemente', 2, 1, 'uploaded_files/114/Docs.pdf', NULL, ''),
(121, 99, 2, 'Rara vez', 'Ocasionalmente', 'Rara vez', 'Frecuentemente', 'Ocasionalmente', 5, 1, 'uploaded_files/99/Certificados de experiencia .pdf', NULL, ''),
(122, 115, 21, 'Frecuentemente', 'Frecuentemente', 'Frecuentemente', 'Siempre', 'Frecuentemente', 10, 1, 'uploaded_files/115/HOJA DE VIDA Y EXPERIENCIAS YAMILE RAMOS.pdf', NULL, ''),
(123, 118, 14, 'Ocasionalmente', 'Frecuentemente', 'Ocasionalmente', 'Frecuentemente', 'Siempre', 11, 1, 'uploaded_files/118/HV GESTORA JULIETA + docs...pdf', NULL, ''),
(124, 119, 16, 'Ocasionalmente', 'Siempre', 'Ocasionalmente', 'Siempre', 'Siempre', 13, 1, 'uploaded_files/119/HV David Villamarin BOP + trayectoria a 2023.pdf', NULL, ''),
(126, 7, 24, 'Siempre', 'Frecuentemente', 'Frecuentemente', 'Nunca', 'Frecuentemente', 15, 1, 'uploaded_files/7/hojadevidaconsoportes.pdf', NULL, ''),
(128, 89, 4, 'Frecuentemente', 'Frecuentemente', 'Frecuentemente', 'Frecuentemente', 'Frecuentemente', 5, 1, 'uploaded_files/89/ALEXANDRA CALDERON  6023-2.pdf', NULL, ''),
(129, 89, 4, 'Frecuentemente', 'Frecuentemente', 'Frecuentemente', 'Frecuentemente', 'Frecuentemente', 5, 2, 'uploaded_files/89/ALEXANDRA CALDERON  6023-2.pdf', NULL, ''),
(130, 89, 2, 'Frecuentemente', 'Frecuentemente', 'Frecuentemente', 'Frecuentemente', 'Frecuentemente', 5, 2, 'uploaded_files/89/ALEXANDRA CALDERON  6023-2.pdf', NULL, ''),
(131, 107, 21, 'Frecuentemente', 'Frecuentemente', 'Ocasionalmente', 'Frecuentemente', 'Ocasionalmente', 4, 1, 'uploaded_files/107/EXPERIENCIA CULTURAL MANUELA RODRIGUEZ.pdf', NULL, ''),
(132, 86, 11, 'Frecuentemente', 'Ocasionalmente', 'Ocasionalmente', 'Rara vez', 'Ocasionalmente', 22, 1, 'uploaded_files/86/Doc1.pdf', NULL, ''),
(133, 56, 13, 'Siempre', '', 'Frecuentemente', 'Frecuentemente', 'Frecuentemente', 8, 1, 'uploaded_files/56/Certificaciones de Talento 21.pdf', NULL, ''),
(135, 110, 3, 'Frecuentemente', 'Frecuentemente', 'Frecuentemente', 'Frecuentemente', 'Frecuentemente', 0, 1, 'uploaded_files/110/CATALINA GARCIA CABRERA_ DOCUMENTOS(1)(1).pdf', NULL, ''),
(136, 21, 21, 'Frecuentemente', 'Frecuentemente', 'Siempre', 'Ocasionalmente', 'Frecuentemente', 24, 1, 'uploaded_files/21/Tenjo_el_Pueblo_de_los_Colibris Maria_Luisa_Hincapie_Experiencia.pdf', NULL, ''),
(137, 121, 20, 'Ocasionalmente', 'Ocasionalmente', 'Rara vez', 'Ocasionalmente', 'Ocasionalmente', 10, 1, 'uploaded_files/121/Diplomas y Certificados.pdf', NULL, ''),
(138, 121, 20, 'Ocasionalmente', 'Ocasionalmente', 'Rara vez', 'Ocasionalmente', 'Ocasionalmente', 10, 1, 'uploaded_files/121/Diplomas y Certificados.pdf', NULL, ''),
(140, 104, 2, 'Frecuentemente', 'Frecuentemente', 'Frecuentemente', 'Frecuentemente', 'Frecuentemente', 8, 1, 'uploaded_files/104/eebb7a31-43f7-48e9-9d5f-735dbf3a28c1.PDF', NULL, ''),
(141, 123, 12, 'Siempre', '', 'Siempre', 'Siempre', 'Siempre', 5, 1, 'uploaded_files/123/TJ101443303 HERNAN A PASTOR M 018.pdf', NULL, ''),
(142, 122, 7, 'Frecuentemente', 'Frecuentemente', 'Frecuentemente', '', 'Frecuentemente', 30, 1, 'uploaded_files/122/CERTIFICACIOìN CESAR MAURICIO.pdf', NULL, ''),
(143, 71, 20, 'Frecuentemente', 'Frecuentemente', 'Frecuentemente', 'Ocasionalmente', 'Frecuentemente', 7, 2, 'uploaded_files/71/certificado fawa ingibia.pdf', NULL, ''),
(145, 116, 21, 'Frecuentemente', 'Frecuentemente', 'Frecuentemente', 'Frecuentemente', 'Frecuentemente', 4, 2, 'uploaded_files/116/pdfreportservlet2.pdf', NULL, ''),
(147, 21, 21, 'Frecuentemente', 'Frecuentemente', 'Siempre', 'Ocasionalmente', 'Frecuentemente', 24, 2, 'uploaded_files/21/Maria_Luisa_Hincapie_Experiencia.pdf', NULL, ''),
(149, 71, 20, 'Frecuentemente', 'Frecuentemente', 'Frecuentemente', 'Ocasionalmente', 'Ocasionalmente', 7, 1, 'uploaded_files/71/DEL ZHOCAMANA AL ZHOCAMATA_Santiago Mendoza_Trayectoria Tenjo.pdf', NULL, ''),
(150, 6, 21, 'Siempre', 'Frecuentemente', 'Siempre', 'Ocasionalmente', 'Siempre', 17, 1, 'uploaded_files/6/Hoja de vida Sandra Defelipe Díaz.pdf', NULL, ''),
(152, 6, 7, 'Siempre', 'Frecuentemente', 'Siempre', 'Ocasionalmente', 'Ocasionalmente', 17, 2, 'uploaded_files/6/Hoja de vida Sandra Defelipe Díaz.pdf', NULL, ''),
(153, 125, 5, 'Frecuentemente', 'Siempre', 'Ocasionalmente', 'Frecuentemente', 'Frecuentemente', 12, 1, 'uploaded_files/125/Certificados - Ana Sofia Matamoros.pdf', NULL, ''),
(155, 115, 3, 'Frecuentemente', 'Frecuentemente', 'Frecuentemente', 'Siempre', 'Frecuentemente', 5, 1, 'uploaded_files/115/YAMILE RAMOS _ HV Y SOPORTES OK.pdf', NULL, ''),
(156, 70, 22, 'Siempre', 'Siempre', 'Siempre', 'Frecuentemente', 'Frecuentemente', 25, 1, 'uploaded_files/70/certificaciones TODOS Edilberto Mendoza.pdf', NULL, ''),
(157, 122, 21, 'Frecuentemente', '', 'Frecuentemente', 'Frecuentemente', 'Frecuentemente', 27, 1, 'uploaded_files/122/CERTIFICACIOìN CESAR MAURICIO.pdf', NULL, ''),
(162, 116, 21, 'Frecuentemente', 'Frecuentemente', 'Frecuentemente', 'Frecuentemente', 'Frecuentemente', 4, 1, 'uploaded_files/116/PILAR RAMOS RODRIGUEZ.pdf', NULL, ''),
(163, 134, 1, 'Ocasionalmente', 'Frecuentemente', 'Frecuentemente', 'Frecuentemente', 'Ocasionalmente', 10, 1, 'uploaded_files/134/MARÍA STELLA.pdf', NULL, ''),
(164, 135, 3, 'Frecuentemente', 'Ocasionalmente', 'Nunca', 'Rara vez', 'Nunca', 6, 1, 'uploaded_files/135/ilovepdf_merged (1).pdf', NULL, ''),
(165, 135, 4, 'Siempre', 'Ocasionalmente', 'Nunca', 'Ocasionalmente', 'Nunca', 5, 2, 'uploaded_files/135/ilovepdf_merged (3).pdf', NULL, ''),
(166, 135, 2, 'Frecuentemente', 'Rara vez', 'Nunca', 'Rara vez', 'Rara vez', 3, 1, 'uploaded_files/135/ARTENJO 2022.pdf', NULL, ''),
(167, 131, 13, 'Frecuentemente', 'Frecuentemente', 'Frecuentemente', 'Frecuentemente', 'Frecuentemente', 24, 1, 'uploaded_files/131/Mi experiencia Tenjo.pdf', NULL, ''),
(168, 127, 21, 'Siempre', 'Siempre', 'Frecuentemente', 'Siempre', 'Frecuentemente', 25, 1, 'uploaded_files/127/SOPORTES RUBY MARÍN.pdf', NULL, ''),
(170, 104, 2, 'Frecuentemente', 'Frecuentemente', 'Frecuentemente', 'Ocasionalmente', 'Frecuentemente', 8, 1, 'uploaded_files/104/eebb7a31-43f7-48e9-9d5f-735dbf3a28c1.PDF', NULL, ''),
(171, 138, 5, 'Siempre', 'Siempre', 'Frecuentemente', 'Siempre', 'Ocasionalmente', 20, 1, 'uploaded_files/138/Soportes Urpi Barco 2019.pdf', NULL, ''),
(173, 124, 2, 'Frecuentemente', 'Frecuentemente', 'Frecuentemente', 'Frecuentemente', 'Ocasionalmente', 6, 1, 'uploaded_files/124/DOC-20240625-WA0080. (1).pdf', NULL, ''),
(176, 109, 13, 'Ocasionalmente', 'Ocasionalmente', 'Frecuentemente', 'Ocasionalmente', 'Frecuentemente', 8, 1, 'uploaded_files/109/LA GRANJA DEL CIELO.pdf', NULL, ''),
(177, 139, 21, 'Rara vez', 'Ocasionalmente', 'Rara vez', 'Rara vez', 'Frecuentemente', 18, 2, NULL, NULL, ''),
(178, 140, 21, 'Ocasionalmente', 'Ocasionalmente', 'Ocasionalmente', 'Ocasionalmente', 'Frecuentemente', 20, 2, NULL, NULL, ''),
(179, 140, 21, 'Rara vez', 'Rara vez', 'Frecuentemente', 'Ocasionalmente', 'Frecuentemente', 20, 2, NULL, NULL, ''),
(180, 140, 21, 'Ocasionalmente', 'Rara vez', 'Frecuentemente', 'Frecuentemente', 'Frecuentemente', 20, 2, 'uploaded_files/140/f4Y4tUr2HMeQL64dHKYYBbQ3 (1).pdf', NULL, ''),
(181, 121, 21, 'Rara vez', 'Rara vez', 'Ocasionalmente', 'Ocasionalmente', 'Frecuentemente', 18, 1, 'uploaded_files/121/Diplomas y Certificados v3.pdf', NULL, ''),
(182, 82, 2, 'Ocasionalmente', 'Frecuentemente', 'Frecuentemente', 'Frecuentemente', 'Frecuentemente', 6, 2, 'uploaded_files/82/Diana Flórez Gutiérrez - HOJA DE VIDA Y SOPORTES.pdf', NULL, ''),
(183, 82, 2, 'Ocasionalmente', 'Frecuentemente', 'Frecuentemente', 'Frecuentemente', 'Frecuentemente', 6, 1, 'uploaded_files/82/Diana Flórez Gutiérrez - HOJA DE VIDA Y SOPORTES.pdf', NULL, ''),
(185, 143, 1, 'Siempre', 'Siempre', 'Siempre', 'Frecuentemente', 'Ocasionalmente', 48, 1, 'uploaded_files/143/HOJA DE VIDA ARTÍSTICA JUNIO 2024.pdf', NULL, ''),
(190, 155, 11, 'Frecuentemente', 'Siempre', 'Ocasionalmente', 'Frecuentemente', 'Siempre', 7, 2, 'uploaded_files/155/Idoneidad y experiencia ANGELICA NAVARRO.pdf', NULL, ''),
(191, 156, 6, 'Rara vez', 'Rara vez', 'Rara vez', 'Rara vez', 'Rara vez', 4, 1, 'uploaded_files/156/PRIMER INFORME PQRSD 2025.pdf', NULL, ''),
(192, 156, 14, 'Ocasionalmente', 'Ocasionalmente', 'Ocasionalmente', 'Ocasionalmente', 'Frecuentemente', 7, 1, 'uploaded_files/156/PRIMER INFORME PQRSD 2025.pdf', NULL, ''),
(194, 158, 1, 'Siempre', 'Ocasionalmente', 'Rara vez', 'Ocasionalmente', 'Rara vez', 14, 1, 'uploaded_files/158/19.Certificados laborales.pdf', NULL, ''),
(195, 158, 1, 'Siempre', 'Frecuentemente', 'Rara vez', 'Ocasionalmente', 'Rara vez', 14, 2, 'uploaded_files/158/19.Certificados laborales_compressed.pdf', NULL, ''),
(196, 159, 2, 'Ocasionalmente', '', 'Frecuentemente', 'Ocasionalmente', 'Frecuentemente', 20, 1, 'uploaded_files/159/curriculum Joa 2025 + CERTIFICADOS.pdf', NULL, ''),
(197, 160, 5, '', 'Frecuentemente', 'Ocasionalmente', 'Frecuentemente', 'Frecuentemente', 9, 1, 'uploaded_files/160/soportes BLOWDY 2025.pdf', NULL, ''),
(199, 164, 5, 'Frecuentemente', 'Frecuentemente', 'Rara vez', 'Frecuentemente', 'Ocasionalmente', 6, 2, 'uploaded_files/164/HOJA DE VIDA SIMÓN ALVARADO AHUMADA.pdf', NULL, ''),
(200, 165, 1, 'Rara vez', 'Ocasionalmente', 'Ocasionalmente', 'Nunca', 'Ocasionalmente', 3, 2, 'uploaded_files/165/Certificación Raíz de Barro 2024_Julian Bernate.pdf', NULL, ''),
(202, 168, 20, 'Siempre', '', 'Frecuentemente', 'Siempre', 'Rara vez', 20, 2, 'uploaded_files/168/2 IDONEIDAD Y EXPERIENCIA-6.pdf', 'aaaaa', ''),
(203, 168, 6, 'Siempre', 'Siempre', 'Rara vez', 'Rara vez', 'Rara vez', 20, NULL, 'uploaded_files/168/2 IDONEIDAD Y EXPERIENCIA-1.pdf', NULL, ''),
(206, 171, 21, 'Ocasionalmente', 'Frecuentemente', 'Nunca', 'Frecuentemente', 'Ocasionalmente', 4, 1, 'uploaded_files/171/Cert de trabajo.pdf', NULL, ''),
(207, 162, 13, 'Siempre', '', 'Frecuentemente', 'Frecuentemente', 'Frecuentemente', 15, 1, 'uploaded_files/162/Alas delterritorio - aves,cultura e identidad viva - Dunia Gonzalez.pdf', NULL, ''),
(209, 170, 1, 'Frecuentemente', 'Frecuentemente', 'Frecuentemente', 'Ocasionalmente', 'Ocasionalmente', 3, 1, 'uploaded_files/170/EXPERIENCIA YOHANNES.pdf', NULL, ''),
(210, 165, 21, 'Ocasionalmente', 'Ocasionalmente', 'Nunca', 'Rara vez', 'Nunca', 4, 1, 'uploaded_files/165/Julian Bernate_Trayectoria cultural.pdf', NULL, ''),
(211, 172, 11, 'Frecuentemente', 'Ocasionalmente', 'Siempre', 'Ocasionalmente', 'Siempre', -10, 1, 'uploaded_files/172/JM JOYERÍA SICUT.pdf', NULL, ''),
(212, 25, 22, 'Siempre', 'Ocasionalmente', 'Siempre', 'Frecuentemente', 'Siempre', 10, 1, 'uploaded_files/25/Alexandra sierra experiencia-.pdf', NULL, ''),
(215, 173, 13, 'Frecuentemente', 'Frecuentemente', 'Frecuentemente', 'Frecuentemente', 'Frecuentemente', 1, 1, 'uploaded_files/173/1078371102- CERTIFICADOS LABORALES.pdf', NULL, ''),
(217, 4, 21, 'Ocasionalmente', 'Ocasionalmente', 'Frecuentemente', 'Ocasionalmente', 'Rara vez', 6, 1, 'uploaded_files/4/CV NATALIA GUECHA. (1) (2).pdf', NULL, ''),
(219, 50, 7, 'Ocasionalmente', 'Rara vez', 'Ocasionalmente', 'Rara vez', 'Ocasionalmente', 11, 1, 'uploaded_files/50/exeriencia rafael.pdf', NULL, ''),
(221, 178, 6, 'Rara vez', 'Frecuentemente', 'Frecuentemente', 'Rara vez', 'Rara vez', 3, 2, NULL, NULL, ''),
(222, 178, 6, 'Ocasionalmente', '', 'Frecuentemente', 'Rara vez', 'Nunca', 3, 1, 'uploaded_files/178/EXPERIENCIA ELSA.pdf', NULL, ''),
(223, 166, 13, 'Frecuentemente', 'Siempre', 'Rara vez', 'Ocasionalmente', 'Ocasionalmente', 35, 1, 'uploaded_files/166/Trayectoria Janeth 2025.pdf', NULL, ''),
(224, 111, 1, 'Frecuentemente', 'Siempre', 'Frecuentemente', 'Siempre', 'Siempre', 20, 2, 'no hay archivo adjunto', NULL, ''),
(225, 182, 2, 'Frecuentemente', 'Siempre', 'Siempre', 'Ocasionalmente', 'Siempre', 7, 2, 'no hay archivo adjunto', NULL, ''),
(226, 176, 24, 'Siempre', 'Ocasionalmente', 'Frecuentemente', 'Frecuentemente', 'Frecuentemente', -19, 1, 'uploaded_files/176/Un recorrido hacia la pasión por los Páramos.pdf', NULL, ''),
(227, 88, 18, 'Ocasionalmente', 'Frecuentemente', 'Ocasionalmente', 'Ocasionalmente', 'Frecuentemente', 8, 1, 'uploaded_files/88/EXPERIENCIA.pdf', NULL, ''),
(228, 31, 4, 'Frecuentemente', 'Siempre', 'Ocasionalmente', 'Siempre', 'Frecuentemente', 50, 1, 'uploaded_files/31/Soportes Javier Montoya experiencia Teatro Comunidad.pdf', NULL, ''),
(229, 77, 4, 'Frecuentemente', 'Frecuentemente', 'Siempre', 'Siempre', 'Frecuentemente', 39, 1, 'uploaded_files/77/Soportes Experiencia artística.pdf', NULL, ''),
(230, 159, 2, 'Ocasionalmente', '', 'Frecuentemente', 'Ocasionalmente', 'Ocasionalmente', 23, 1, 'uploaded_files/159/curriculum mayo 2025 + CERTIFICADOS.pdf', NULL, ''),
(231, 184, 21, 'Nunca', 'Nunca', 'Nunca', 'Frecuentemente', 'Siempre', 5, 1, 'uploaded_files/184/CERTIFICACIÓN MARISOL ARTENJO.pdf', NULL, ''),
(232, 182, 2, 'Frecuentemente', 'Frecuentemente', 'Frecuentemente', 'Ocasionalmente', 'Siempre', 20, 1, 'uploaded_files/182/Certificaciones_garcíalizeth.pdf', NULL, ''),
(233, 38, 2, 'Frecuentemente', 'Frecuentemente', 'Frecuentemente', 'Frecuentemente', 'Ocasionalmente', 20, 2, 'no hay archivo adjunto', NULL, ''),
(234, 181, 11, 'Rara vez', 'Rara vez', 'Rara vez', 'Rara vez', 'Frecuentemente', 1, 1, 'uploaded_files/181/EMPRENDIMIENTO MAYO 2025 JOHANNA CELY.pdf', NULL, ''),
(235, 38, 21, 'Frecuentemente', 'Frecuentemente', 'Frecuentemente', 'Frecuentemente', 'Ocasionalmente', 25, 1, 'uploaded_files/38/SOPORTES y hoja de vida INTEGRAL Sandra Viviana González González 30052025.pdf', NULL, ''),
(236, 185, 4, 'Siempre', 'Frecuentemente', 'Frecuentemente', 'Frecuentemente', 'Ocasionalmente', 24, 1, 'uploaded_files/185/RECONOCIMIENTOS.pdf', NULL, ''),
(237, 185, 4, 'Siempre', 'Frecuentemente', 'Frecuentemente', 'Frecuentemente', 'Ocasionalmente', 0, 1, 'uploaded_files/185/Reconocimientos Titirimundi.pdf', NULL, ''),
(238, 186, 13, 'Ocasionalmente', 'Siempre', 'Ocasionalmente', 'Ocasionalmente', 'Siempre', 40, 1, 'uploaded_files/186/PERFIL Y EXPERIENCIA DEL PARTICIPANTE BLANCA CECILIA RUBIANO AZA .pdf', NULL, ''),
(239, 180, 22, 'Ocasionalmente', 'Ocasionalmente', 'Frecuentemente', 'Ocasionalmente', 'Ocasionalmente', 12, NULL, 'uploaded_files/180/Soportes_experiencia.pdf', NULL, ''),
(240, 152, 3, 'Rara vez', 'Rara vez', 'Frecuentemente', 'Ocasionalmente', 'Rara vez', 34, NULL, 'uploaded_files/152/RESOLUCION 39 2025 JURADOS ARTENJO.pdf', NULL, ''),
(241, 189, 9, 'Rara vez', 'Rara vez', 'Rara vez', 'Rara vez', 'Ocasionalmente', 7, NULL, 'uploaded_files/189/RAP2_EV01 Evaluación Cuestionario de preguntas “Microorganismos y Conservación de alimentos”_ Revisión del intento _ Zajuna.pdf', NULL, ''),
(242, 189, 9, 'Rara vez', 'Rara vez', 'Ocasionalmente', 'Ocasionalmente', 'Rara vez', 77, NULL, 'uploaded_files/189/RESOLUCION 079 TURISMO (2).pdf', NULL, ''),
(243, 189, 11, 'Rara vez', 'Rara vez', 'Ocasionalmente', 'Rara vez', 'Ocasionalmente', 5, NULL, 'uploaded_files/189/RAP2_EV01 Evaluación Cuestionario de preguntas “Microorganismos y Conservación de alimentos”_ Revisión del intento _ Zajuna.pdf', NULL, ''),
(244, 189, 16, 'Rara vez', 'Rara vez', 'Ocasionalmente', 'Ocasionalmente', 'Rara vez', 6, NULL, 'uploaded_files/189/Oferta Economica N°. COIN-127-2025  Comercio Integral & Servicios ( TENJO) (1) (1).pdf', NULL, ''),
(245, 192, 2, 'Nunca', 'Nunca', 'Nunca', 'Nunca', 'Rara vez', 5, NULL, 'uploaded_files/192/RESOLUCION 079 TURISMO (2).pdf', NULL, 'sadadsads');

-- --------------------------------------------------------

--
-- Estructura de tabla para la tabla `usuarios`
--

CREATE TABLE `usuarios` (
  `id` int(11) NOT NULL,
  `id_persona` int(11) NOT NULL,
  `fecha_creacion` datetime NOT NULL,
  `clave` varchar(300) NOT NULL,
  `token` varchar(300) DEFAULT NULL,
  `usuario` varchar(100) DEFAULT NULL,
  `id_tipo_usuario` int(11) NOT NULL
) ENGINE=InnoDB DEFAULT CHARSET=utf8mb4 COLLATE=utf8mb4_general_ci;

--
-- Volcado de datos para la tabla `usuarios`
--

INSERT INTO `usuarios` (`id`, `id_persona`, `fecha_creacion`, `clave`, `token`, `usuario`, `id_tipo_usuario`) VALUES
(1, 1, '2024-04-27 11:36:17', '4da21b24c4b9c2804b210dbb87d7b811', NULL, '5b56707735bed7117162b252685a19a1', 1),
(3, 3, '2024-04-29 13:08:13', '415b3a76ee4c32334daed8f8abbc6962', NULL, '415b3a76ee4c32334daed8f8abbc6962', 0),
(4, 4, '2024-04-29 13:16:29', 'acfc085e11b80f27eb5479035b5d5680', '634121', '5f794824061328e05bbde5090ebbea80', 0),
(5, 5, '2024-04-30 15:48:40', '1b42479d7b224f89b12b358313376655', '052189', 'fbf3db1694f69cc028eeb974edcac0c3', 0),
(6, 6, '2024-05-03 18:09:48', '3ca223883f0d193574320d5cfa8ea651', '062677', '9eda21e3d3130d1746a1f4f113e7b6e0', 0),
(7, 7, '2024-05-05 10:31:46', '135eb0c3696385840340cf11a6b65083', NULL, 'da88d275dca88b40ef7a20834aadc39e', 0),
(8, 8, '2024-05-05 12:22:23', '540298083ae3514416f4ea18ac9ab21a', NULL, '0351334a6f86d7f34236f3c9eb7f41b1', 0),
(9, 9, '2024-05-07 19:00:50', 'cc87aa7ab953d7e786ac4cf88ba012e7', '641453', '0cfad3a1458488e14faf449a6d84d945', 0),
(11, 11, '2024-05-08 14:28:39', '8b1ef5a3874a86c2c1522f810d230b03', NULL, '8b1ef5a3874a86c2c1522f810d230b03', 1),
(12, 12, '2024-05-08 14:48:10', '32379d15b9112c95fbead0fba08f6feb', '832837', '32379d15b9112c95fbead0fba08f6feb', 1),
(13, 13, '2024-05-08 14:54:29', '44f183517dd0e223646e4fe90e38abb9', NULL, 'a1b51343e7fa937592e96048dc2d0f7d', 0),
(14, 14, '2024-05-09 12:39:52', '197906082988fdfc96616bb0fe5dcfe1', '434373', 'baa2633ad1ae7e76f5aa17c5e6849c63', 0),
(15, 15, '2024-05-11 12:11:07', 'e6bb1ee8546e787237aada676f32c87a', NULL, '03f93b726b9e7c9efe6b922596358540', 0),
(16, 16, '2024-05-16 08:07:58', 'a88735f002dfee81bf7dad9033782b79', NULL, '95425dedb33195b4e741bd1b419bad2e', 0),
(17, 17, '2024-05-16 12:16:58', 'c56f41d5f411c6adc76a9113d20bd5e2', '581857', 'c7b8f26c85061796a7748f0744d548d0', 0),
(19, 19, '2024-05-16 15:11:04', '2f29c7146a8d695fb65360f10ab8866b', NULL, '591bc4a8011fd256642dc35af23ada64', 0),
(20, 20, '2024-05-16 15:22:09', '9575e048df2ee64d0da46aa5dc2ed1d8', NULL, '907fb5ccf059cb1072cf87fbe6583185', 0),
(21, 21, '2024-05-16 16:04:31', 'e4a5ae9b94375ea13c1190a6e5ad9d13', '068810', '6bfc75689126b89fef7082b5abe9d34e', 0),
(22, 22, '2024-05-17 10:08:32', '26357f59b06d017c5096dd54be39eba5', NULL, '10ad8753b149f0637c0ce92fcef48266', 0),
(23, 23, '2024-05-19 20:19:47', 'bace96571c76bb926db48a8afdfc746f', NULL, 'bd4fe4e11339ef722a498bd57f3571cd', 0),
(24, 24, '2024-05-20 04:38:48', 'a3f58d650053a4e88cf32251180cb6d0', '445042', 'a7e6357afe5fb95ce84717ddb2a32d8d', 0),
(25, 25, '2024-05-20 09:05:53', '55b31f32421141b66572b2fb4d879408', '651277', '9ae07e4f1f78b96916307440a0480de4', 0),
(26, 26, '2024-05-20 10:44:55', '56814abe973dd22d92039137587659e1', '839739', '203e0410cc85d22cb683bf28c56dbebd', 0),
(27, 27, '2024-05-20 10:56:45', '617d2c76f420d0a7f138e6dae282a3b8', NULL, '617d2c76f420d0a7f138e6dae282a3b8', 0),
(28, 28, '2024-05-20 11:02:42', '774bcf128b8481b75ffb176595e50425', NULL, '774bcf128b8481b75ffb176595e50425', 0),
(29, 29, '2024-05-20 11:07:23', '56814abe973dd22d92039137587659e1', '313699', '2b61de4de7921811b0d17c2079e24283', 0),
(30, 30, '2024-05-20 11:10:44', '5bf02c47c2c43e5697a6aa8552b70db5', NULL, '5bf02c47c2c43e5697a6aa8552b70db5', 0),
(31, 31, '2024-05-20 11:12:04', '571e99109c610566cb1514cafee9311e', NULL, '61c33e3c033cf90beeefafe2a16015aa', 0),
(32, 32, '2024-05-20 11:12:56', 'ddb4d2fadfca95cada6f083807463ba4', NULL, '914b0f44b8961e3b130dc9fc1a9b2bcd', 0),
(33, 33, '2024-05-20 11:15:27', '7ff5b2ae1dc808853a8e07f973672cea', NULL, '7ff5b2ae1dc808853a8e07f973672cea', 0),
(34, 34, '2024-05-20 11:19:13', '5912f5dfd928f1a798dfa228508c1c53', NULL, '5912f5dfd928f1a798dfa228508c1c53', 0),
(35, 35, '2024-05-20 14:57:55', '6092ec12e2a3b609e5770b1f22afbcac', NULL, 'e3d780ae6b064b0f38eadaf9090b8fcf', 0),
(36, 36, '2024-05-20 20:34:11', '997376d9c87c5693ec16ab127dbd7d16', NULL, '19072e5e1b97ba7d14a55af473a398ce', 0),
(37, 37, '2024-05-21 00:36:16', '892efdd8a7b36acad9d54d4f37275426', NULL, '88cc301914a4db0107b7c074ae7656c4', 0),
(38, 38, '2024-05-21 10:09:45', 'b4144af4bb9ba83399b58553112a9123', '795182', 'b4144af4bb9ba83399b58553112a9123', 0),
(39, 39, '2024-05-21 10:41:29', '94a4c24b72b9ca53f02a3e85c00d2f5b', NULL, '111d7840dcffd12656b9a1ad8adbb73c', 0),
(40, 40, '2024-05-21 13:40:49', '9508be6d789ed050a8c6eab3079c8b37', NULL, '15a14dd0fd94c9828e0cf22d6d697685', 0),
(41, 41, '2024-05-21 14:07:43', '2ea33b5a78d667a873db110c0c47eabe', NULL, '4abae1e6ac0b461ce239e84ab1702084', 0),
(42, 42, '2024-05-22 10:59:11', '6622376e0c760b2f0bbec540f157f40c', NULL, '502afbf7aa212679d8b6f84eed939f4b', 0),
(43, 43, '2024-05-22 11:40:54', '0943f16b5a36286297a77bc656b1dee2', NULL, '9146a0b092bf263d98d8462b1dcec408', 0),
(44, 44, '2024-05-22 11:55:15', '9c65da853102f72145e26544e6e2b65a', NULL, '4c4b91fd7492ca13a3359ad36ee94a40', 0),
(45, 45, '2024-05-22 11:58:29', 'c7e7483fdd528abbeb88fa3124c8e0e0', NULL, '338fa148d5a353136d296c2e4a605a02', 0),
(46, 46, '2024-05-23 19:15:50', '32bfd85ab90b00236156bc2772389da8', NULL, 'cfe68bc9a375ecfee758ca9e12de8430', 0),
(47, 47, '2024-05-24 11:57:55', '1ea0536087519fcfb466099f8ff60529', NULL, '2015f738b5c4eda8ee6ed9dc09344d6d', 0),
(48, 48, '2024-05-24 15:21:28', '549f861f2c5349bf937c5da7367a6647', '575991', '1c2d9f0e7fecff553ddc486c8d799cab', 0),
(49, 49, '2024-05-24 15:54:32', '202cb962ac59075b964b07152d234b70', '730552', 'b9f477b62f7f7f1bb091f3b382c2c22d', 0),
(50, 50, '2024-05-26 18:24:51', '968e00422fd7053da1f7b78aeabe6025', '303798', '80711cfe2375594002a3ec32985c40bb', 0),
(51, 51, '2024-05-26 19:55:59', 'f4bd91f7284093da76a4ed90f7dde01d', '733722', 'f4bd91f7284093da76a4ed90f7dde01d', 0),
(52, 52, '2024-05-27 11:21:27', '07811dc6c422334ce36a09ff5cd6fe71', NULL, 'a330df1fac7158f8021e8670920d9514', 0),
(53, 53, '2024-05-27 12:51:05', 'dccdfbb354b64dc4644dcf18c9dd920c', NULL, '9b300fe2da110f8343bf51a22816470c', 0),
(54, 54, '2024-05-27 18:46:55', '79d72079b56560ff8cd34b11f6982439', NULL, 'a198bdb39fdff7b8babe717495854bb2', 0),
(55, 55, '2024-05-28 09:21:45', '22461bd391d8d9b278a570094795b431', NULL, '22461bd391d8d9b278a570094795b431', 0),
(56, 56, '2024-05-28 19:18:45', 'fcbeeea51cb9288d5cfbcce8e2504c84', '509187', '94c59dc280413351d0cd6f238a5bb553', 0),
(57, 57, '2024-05-29 09:41:38', '07811dc6c422334ce36a09ff5cd6fe71', NULL, 'b9566c73951ed326a72a887eeea088d1', 0),
(58, 58, '2024-05-29 09:58:04', '008156a0b4b6ecc5efc3aabf835af42d', NULL, '6a53601f6f59387f38c433e279e311dc', 0),
(59, 59, '2024-05-29 20:54:11', '897c4f9b56aaa5d2b29b19ffa4edbb3d', NULL, '34b545e6268db593909f421312f89f5c', 0),
(60, 60, '2024-05-30 10:54:15', '9c964e5baf57b36750ae26bc78ba9cb0', NULL, '9d54b19b026dc941fd7d38ac60fb7ad3', 0),
(61, 61, '2024-05-30 10:57:58', 'ce7c3cd72f1ddefac0152d5a29424bba', NULL, '981d279ae9c3e30fc6ffab3faece50ec', 0),
(62, 62, '2024-05-30 11:18:23', '7a461d7844d444fd8e55d73ef57e8ea2', '401103', '4425c41765b4eb20e3089eee54e53b96', 0),
(63, 63, '2024-05-30 11:23:11', '07811dc6c422334ce36a09ff5cd6fe71', NULL, '86379473f8b3e77a8480a5446a6ee3e9', 0),
(64, 64, '2024-05-30 11:26:47', '07811dc6c422334ce36a09ff5cd6fe71', NULL, 'a38bdc5f26946844b482e2b187e5660c', 0),
(65, 65, '2024-05-30 13:12:07', 'a8b710f07e52d70aeb2c885c7dc1dec3', NULL, '8d3f8f170abdb41ffec504c195ecea18', 0),
(66, 66, '2024-05-31 09:01:48', 'c4e87155b3583e78b4ffc58ada9e6f72', NULL, '2b62509aaaec87e37d7fb70de4453171', 0),
(67, 67, '2024-05-31 17:23:58', 'd9ecba266ad033c30e88999685d1a392', NULL, '6dd60868387b7e64232a412881dcba22', 0),
(68, 68, '2024-05-31 21:23:04', '7997c35ddba38b823b057eb94f247817', '608454', 'd13ef038c864de1863164846e701044a', 0),
(69, 69, '2024-06-02 17:45:28', 'b5e767c06b39fc0f60ad70f7188a2620', '069172', '5aacb991d9996738ace89aacbe8a210a', 0),
(70, 70, '2024-06-03 15:16:36', 'a5be745894f2c84e552ba72c2ba11470', '350315', '3e1cd485658599b19f4003fc033ecff9', 0),
(71, 71, '2024-06-03 15:55:17', '680834324b709de402a99b86b842ec97', NULL, '1aaede42fbbbaeb8cdf7f783a275911c', 0),
(72, 72, '2024-06-04 10:44:09', '1adbb99081ae34b327e85175afaae56c', NULL, '1adbb99081ae34b327e85175afaae56c', 0),
(73, 73, '2024-06-04 15:44:54', '9b7aeec733e2bbdbe5722ae06b8461fb', '024182', '9b7aeec733e2bbdbe5722ae06b8461fb', 0),
(74, 74, '2024-06-04 19:00:13', '21fe4fc9011073b5e3235a036d91f701', NULL, '21fe4fc9011073b5e3235a036d91f701', 0),
(75, 75, '2024-06-05 10:28:29', '0e083c80a0e3976ff82478384402506d', '402284', '3f128e570b3a9009d7b52a0523af43dd', 0),
(76, 76, '2024-06-05 11:54:01', '91d711d4f4747ab4e06d661b26350d33', '073339', 'a365a1420ceaa241f422b44697bf07f4', 0),
(77, 77, '2024-06-05 17:00:29', '2253062e527e91c3a04f15b28f573b04', NULL, 'f008a73ba4255017391dc1eb2d133af3', 0),
(78, 78, '2024-06-06 11:45:55', '1d94c3ea546a1bca0b0b2c32ffc4f37f', '017588', 'd3820d4e720e353d890cacf84ad92eec', 0),
(79, 79, '2024-06-06 13:11:43', 'de77a94723241962dc9837cb2cf2b727', NULL, '553d0299fa360953e45ff34e51b7b47a', 0),
(80, 80, '2024-06-06 19:20:40', 'b5014e8b1617af8f2f09b3ec5ab43b49', NULL, '49c36fc808279c18dd0ab52a33cffb80', 0),
(81, 81, '2024-06-06 23:42:58', 'ab53f5f1a9fde43a4a644416f5f2f884', NULL, 'dd54d716aaa387acf14d145d0c89d106', 0),
(82, 82, '2024-06-07 09:32:57', 'a5f5efe7ec2a1d8c77ee7ec4cfc2828b', '332567', '9078046f2abf67ce72eb31a335ce25c9', 0),
(83, 83, '2024-06-07 09:39:43', 'e8ea983e3195fc095ddbc505a60862d3', NULL, '2681c7f5f0557480e8ecff923a3bdd55', 0),
(84, 84, '2024-06-07 12:38:44', 'dad28e1a3874a45b7746922ebc7e0c2a', NULL, 'f37dc74e20d0f55cf432788929a2db68', 0),
(85, 85, '2024-06-07 12:57:30', 'dad28e1a3874a45b7746922ebc7e0c2a', NULL, '44852f6c8e07174a2edf5a68c8806ca4', 0),
(86, 86, '2024-06-07 13:38:22', 'bd2fdeb1a4998ff1f8e5d4299fc63053', NULL, '0576ffe0b3fc0068e691027ebaf18c4c', 0),
(87, 87, '2024-06-07 14:16:39', 'cbb8254662a78dd5838540f076ba9141', '736270', 'f6a1005a1407418d0bfa08d24f25f16a', 0),
(88, 88, '2024-06-07 14:27:09', 'df26a77473c02254094e2ab585db4e6c', '181315', 'df26a77473c02254094e2ab585db4e6c', 0),
(89, 89, '2024-06-07 14:31:34', '662def7c688a6ecadbd44e034896a421', '151647', '9ee2e367300b9156eb71f8a7c55bdda3', 0),
(90, 90, '2024-06-07 20:35:33', 'f56aae5f21f1f2f0237923cc0ae2f2b7', '283796', '6c54d36fc5ef319a8110f54998387248', 0),
(91, 91, '2024-06-07 21:05:20', 'c724f1965bfdec83d94e90541a0caa22', NULL, '7f039104879736f5dcaa5c4bf2d2f4ca', 0),
(92, 92, '2024-06-08 10:37:09', 'd3bdac59838326f4c678c2305bc263a4', NULL, 'edae3bfcfa78c6da47546925d4d793b6', 0),
(93, 93, '2024-06-08 22:06:05', 'a271110a75c6ed7342a9b43f675d9848', NULL, 'b4d621f72abbfb63d6f82d3ce2b7e0cc', 0),
(94, 94, '2024-06-09 15:59:12', '1d7a431f3576a436e5bf32180d6b4a3a', '155468', '728f9bbdc2e4edabe6662639b5057951', 0),
(95, 95, '2024-06-09 16:01:52', 'cc86391aae724651f2e34d3a56dc2b7e', NULL, '6ba58f43e909aa532cb861c4e15cde43', 0),
(96, 96, '2024-06-09 17:29:08', '52ac9efe2d015cafe46136c041349f8d', NULL, '3bca455a514782f83a35fb8860e49e7a', 0),
(97, 97, '2024-06-09 18:53:37', 'ea9d41362a1245fd6e9b5f81acb3bd33', NULL, '989d90e1da4cce1d4aee29d34b79b869', 0),
(98, 98, '2024-06-10 08:21:03', '1b338fc8d6dd127787086d452c298c07', NULL, 'fe9d53b2c308c7ce2777b8d5d9ee1920', 0),
(99, 99, '2024-06-10 11:48:12', '95fcfe3b098bcd61ef9a7dc2b57cbaf1', '156548', '864461ecf177236bcd753dbecd274f93', 0),
(100, 100, '2024-06-10 12:32:55', '752064501f92d49f6cfad9079c32987d', '606458', 'a986c3413adac6790651753c80d5e37e', 0),
(102, 102, '2024-06-10 16:03:13', '0fe7d66384ab042d6fd7f034dce1047b', '674336', '6c60fb714f300edbdc32bc3184e5b34d', 0),
(103, 103, '2024-06-10 19:05:41', '0d0f73ce5a60aa406d6fd17fdc6baa29', NULL, '297d4b2ba016a8ad46b46ab6c1f381ff', 0),
(104, 104, '2024-06-10 20:43:27', '666376e28ea654d4762344576f5751c3', '899764', '24865a1b2a5df8eae83ef38769f6eb1c', 0),
(105, 105, '2024-06-10 21:37:11', '18f7fa7ef504553fee24d7d5c1042ca9', NULL, 'ec1c7aabd4a3113275946725ab819d6d', 0),
(106, 106, '2024-06-10 22:08:06', '4733a44073c81970cccbca6e1ede188b', '314462', 'dbe1435a4237cad2583d9e6ed4803eeb', 0),
(107, 107, '2024-06-11 05:51:47', 'd4f809991cac7e2e98bbf101c77dcf80', NULL, '6136a1643afbfc064e1e8bedc0f9ab10', 0),
(108, 108, '2024-06-11 09:17:39', '3df52a1139e9d5c539e460c75e3fc096', '270017', '7eaebab4006c905ec093934f4e8c155c', 0),
(109, 109, '2024-06-11 09:27:06', '30a5fd39cddcb48e79410e6b490e579a', NULL, '7b64e26865edf9ce4e062f4927fb9351', 0),
(110, 110, '2024-06-11 11:39:11', '21addb0f3fb3aa6e40f6b094026a7e51', NULL, '8fe31ae47cc5ec39b6ab716d735ca62a', 0),
(111, 111, '2024-06-11 11:54:01', '6376101bfe3509f28b7b052c195a26c8', '839729', 'e7403862f22d6907c63c138a9618348d', 0),
(112, 112, '2024-06-11 14:47:06', 'dfa5fd96b6156c1289e2cf00a6dc3191', NULL, '54387b706a1cbcb89c68988373795c1d', 0),
(113, 113, '2024-06-11 16:25:37', '5b6d999e5a535a4693b25738c257c1ad', NULL, 'bcccd0ee9f5a33334e26de2e1fe3be7f', 0),
(114, 114, '2024-06-11 17:48:12', '36bcd11cd2192a0e89e5c8357a5e9a94', NULL, 'c1f5aa6611b442e52f68c87a96ec0143', 0),
(115, 115, '2024-06-11 18:47:29', '1b62ef0006e8eb1634713d12bc91cc4e', NULL, '29d66f9b37c2c6acbba31df62aeb57ee', 0),
(116, 116, '2024-06-11 18:52:38', '011e295a359bd16987ee30422eb44574', NULL, 'f52d051b78213dafb8cc9fa0b9636e71', 0),
(117, 117, '2024-06-11 19:41:18', '1feeafbe00302b1ebe9032bb48ecb4a0', NULL, 'd96b6766c38ff0f3554b9eb3386565bd', 0),
(118, 118, '2024-06-11 20:16:40', 'e473e93c77277d48f9b5130e527ea1d9', NULL, 'b54a4e4a0637ff03a08a19bf73bc9ec0', 0),
(119, 119, '2024-06-11 20:36:04', 'e473e93c77277d48f9b5130e527ea1d9', NULL, '5f862f139cb31a6043f28ebddfb295f2', 0),
(120, 120, '2024-06-11 20:44:42', 'e473e93c77277d48f9b5130e527ea1d9', '851697', 'd864f56e1f931d6ca1d91a58ae59bb6d', 0),
(121, 121, '2024-06-12 15:37:17', 'e64aa6c0d22b603cf7165846330ca7da', '724833', '7c1f26dbd8fe2a959b2bc1b6d8f04ac5', 0),
(122, 122, '2024-06-12 17:09:53', '89979d9e08967f00d24436e5f3936a2a', NULL, '79ff157eaf1ff5a2f4da75123429348e', 0),
(123, 123, '2024-06-12 17:11:56', 'd064ffe523c3a26bffc43a71ba7bca4e', '216761', '517275e594b3e0a50ea0ad8ba848c240', 0),
(124, 124, '2024-06-12 19:20:53', 'e4f23c629a33cae311197b92bc9db3c8', '535839', '9be7293f60c9e12e3c413b79d8db7c70', 0),
(125, 125, '2024-06-12 21:09:32', '4b03ea267df951506c3046dde151dd45', NULL, 'e43a78cad7444218f8bb5260a715eb62', 0),
(126, 126, '2024-06-12 23:15:59', 'e3033c0117bac13ca4bd89eebc5535c1', '891169', 'e3033c0117bac13ca4bd89eebc5535c1', 0),
(127, 127, '2024-06-12 23:56:27', '8497ec17772a8da36b05b0eab7bf0e9b', '451094', '8497ec17772a8da36b05b0eab7bf0e9b', 0),
(128, 128, '2024-06-13 12:58:38', 'f34001aecea37f23e9eda49aacc4d1b3', NULL, '69e3a20861707e2fb3b6fb443990815e', 0),
(129, 129, '2024-06-14 08:23:37', '94b7384f4029d0e69461206622304a26', NULL, 'ea3d3560eb3c23641c2edd278f68229f', 0),
(130, 130, '2024-06-14 14:01:46', '9354dd533ba1362326a4a107e1e7e354', NULL, '88c666892fb84e12fadf6edfd3ca318e', 0),
(131, 131, '2024-06-14 15:14:18', 'f71775ea67eb6f66aa01574323cd761b', NULL, '4ed0e01f14a3ba88fa7157c7c0c6a16a', 0),
(132, 132, '2024-06-17 07:49:53', 'fcbc7beadbcb7017e9efa74062938bb1', NULL, 'a44658122663e0fa2a46588b2854e1a6', 0),
(133, 133, '2024-06-17 11:31:04', '8f1879d27c072b64559aa72bbc28de4a', '323414', '7d152597bd77a7a1a1b058f3f703e3dc', 0),
(134, 134, '2024-06-17 11:44:48', 'b585ee6896c1d5446cf98abddc2f731a', NULL, 'b585ee6896c1d5446cf98abddc2f731a', 0),
(135, 135, '2024-06-17 15:39:36', '514a03a14f3fb9eac17c4a41c71577a3', NULL, '514a03a14f3fb9eac17c4a41c71577a3', 0),
(136, 136, '2024-06-17 17:01:11', '27392087c7ce89c8e52d234426d24c6d', '780684', '2ecfb9d3de9f25022e137fd5638c779a', 0),
(137, 137, '2024-06-24 13:13:08', '823358233126f76e310bc0f6a34c18c8', NULL, '39202856193357d4d43911fe0c41cf07', 0),
(138, 138, '2024-06-25 09:15:05', '753fb04df29c70ed35fdce49e4b7f408', NULL, '905dc6564809296a7da5e06de3ca91fa', 0),
(139, 139, '2024-06-28 09:06:46', 'bbd5377e2324efdba130fe468931beca', NULL, '68d0c1f823fab6b82996a8fac2f34979', 0),
(140, 140, '2024-06-28 09:17:50', '841cf49bd42db1d9f054fae6608bc33b', NULL, '3fd2443c706fe71c131a8672b5e49396', 0),
(141, 141, '2024-07-15 13:09:49', '7e6275ab62442331b31b53f2ba464721', NULL, '18b7adcd507ab07258b9d1101af3c66b', 0),
(142, 142, '2024-08-13 12:22:27', '6a6a83f046efb941155aa0bca38e2a36', NULL, '12dba3e45034460838e75e6131bc6166', 0),
(143, 143, '2024-08-23 15:41:19', '54e5f2400ab2c6b36307a4c74490d153', NULL, '3df2f39ecefef5336dba7cdcbc4560e6', 0),
(144, 144, '2024-09-06 06:24:37', '8977a5c1bba91ca89d5f51192c02476d', NULL, '109602385d2797365e18794c660d0667', 0),
(145, 145, '2024-10-25 08:46:59', 'ad23c226939f89d478f6fd629496e358', '307443', 'dd1bdd78972dae8aa523408155d2a6e3', 0),
(146, 146, '2024-12-09 16:53:35', '4ed67397e1062467e5af0a098cc9df15', NULL, '0a298d443acd74b8e6af1d60e9c2eaf4', 0),
(147, 147, '2025-01-20 10:34:21', '818b9a93da8a2afaed846f98b21b3b2f', NULL, 'f69e80799af9442eeb3a1bb30b2ecf75', 0),
(148, 148, '2025-01-24 10:42:11', '4919f9f86500af2819888637344fcbb6', NULL, 'ea187f33f7e1cfbca3736c643b257c2c', 0),
(149, 149, '2025-02-01 10:48:40', 'ef776740e79db7274f09324eecb2f4ee', NULL, '1016e55811bca088b17ae1804b13f433', 0),
(150, 150, '2025-02-20 19:08:31', '26ce7895904994b65a086d510cbadc6e', NULL, '12e1adf59201858d4a0a5bb3d379e0c3', 0),
(151, 151, '2025-03-29 10:50:00', '0fd0145edc8c106db1939681985e5517', NULL, 'ae319513193ba7b01caa3ab838bafdef', 0),
(153, 153, '2025-04-24 22:19:27', 'ab00f0a0e9eba5f28af2d2ac9e2a5148', '189007', 'd9a9c939427781f192d6378b85917cad', 0),
(154, 154, '2025-04-25 09:11:41', 'dc7dc139d66dce615fb1c48cbfd5c03a', NULL, '6e14d7b39e39051651ad9d57079ac40c', 0),
(155, 155, '2025-04-27 08:02:28', '0212556b6c510c43bacbf63460d017d0', NULL, '5854f36b92354deb7568e31d1552aa3a', 0),
(156, 156, '2025-05-02 10:52:03', '7b0a419565a20262735f49488a2203b1', NULL, 'c5a1a98649a7874de0def093eb136262', 0),
(157, 157, '2025-05-02 10:52:13', 'b9fd0e0f3b0556fcaed61e4406210284', '198168', 'b9fd0e0f3b0556fcaed61e4406210284', 0),
(158, 158, '2025-05-02 16:34:51', '0cd7fd9aba7cc5a3d02004c453bd0aca', NULL, '267c23570bbc817501c8b421a5a724ea', 0),
(159, 159, '2025-05-05 09:46:45', '7ba537d08ea38d541abf1fa3254ad016', NULL, '3eb29d792013f8445b89d1c0cb051d4e', 0),
(160, 160, '2025-05-06 17:38:52', 'd30678fcafd48833a5dafb3f0883c42f', NULL, '02c2dd42db58e732a9f968a1e8923df5', 0),
(161, 161, '2025-05-09 12:02:08', '9fbe5d6e135b03dde4193bc09b7b5cdd', NULL, 'f23d06383ca517ead261e7ac131b8bd9', 0),
(162, 162, '2025-05-09 13:49:18', '95f61eb7dad56f1c05d1e1a096a00df8', NULL, '95f61eb7dad56f1c05d1e1a096a00df8', 0),
(163, 163, '2025-05-10 12:28:29', '427ef277306b888336fc555ec4996e4c', NULL, '3014ed9c93945cb96740a8dae95f3bad', 0),
(164, 164, '2025-05-12 13:30:20', 'ff7c5149f6ef25021902d3cd41763c3f', NULL, '6352caeab582b08e378b078928d4a594', 0),
(165, 165, '2025-05-13 16:06:47', 'e1cf0f75337a8b088aa59fc522efc630', NULL, '926d633e391bb248b5b7109191eaee0a', 0),
(166, 166, '2025-05-16 15:58:43', 'e7f146a7fbf253efa9ce61f9830011b5', NULL, '0a6461021ba614382aa7d306fb41341d', 0),
(167, 167, '2025-05-17 19:56:28', '4d685f92877cae7e6c1ce5190a7b3098', NULL, 'df14d41c41c988eef5678e84d25205fc', 0),
(168, 168, '2025-05-18 21:08:05', 'faea6afaf182a4d6a79ad88dd641a1e4', NULL, '84c3340cb9fe13a34ae64cfe0db2e22e', 0),
(169, 169, '2025-05-19 11:33:47', '5e8192ac303cc3ce90a1c3342dae1e67', '493927', 'fddd47b85d124861cd8eb1770002771b', 1),
(170, 170, '2025-05-19 14:00:17', '6549020acd777732e9aabd3d7b509063', NULL, 'fe5a9d22b8b93076a9b3c22aaa42a5d1', 0),
(171, 171, '2025-05-20 13:02:07', '43507a329a02301364ccd1fe264f05f2', NULL, '5c3d4b09b9c6c6ec296a3e7069a2fdda', 0),
(172, 172, '2025-05-20 15:00:07', '9c37e6ed564d5257f0b7db8c3d1dbeaa', '300594', '9c37e6ed564d5257f0b7db8c3d1dbeaa', 0),
(173, 173, '2025-05-24 09:08:39', 'b97bb39c1c6e7ce7517323af7586784d', NULL, '6d9c7ad535e1bfe872b2c9d8d01e47dd', 0),
(174, 174, '2025-05-25 11:25:38', '1487a01baaa6df899de28a5f0cf257df', NULL, 'd2967293715dc03e066b454c92622d65', 0),
(175, 175, '2025-05-25 11:28:35', '1487a01baaa6df899de28a5f0cf257df', NULL, '90c311c9e5ad71dacf4ccb838c8972ef', 0),
(176, 176, '2025-05-25 23:53:05', '60b6d12b8e3c8d156bb10575aa75dbf9', '365800', '60b6d12b8e3c8d156bb10575aa75dbf9', 0),
(177, 177, '2025-05-26 16:37:24', '95bd71fe88dc90b688cb43c06fe6fb54', NULL, 'a59842dcb4023a4b615b020eba0dc634', 0),
(178, 178, '2025-05-27 10:21:55', 'fc04cfb5ce11d61b4dd3595bfb109c11', NULL, '9b45830c760fd3e6023a9f7838383088', 0),
(179, 179, '2025-05-27 13:00:55', 'c672e505ed280889d56eab891bc9ab4f', NULL, '203d11dd6aa9877d1030a6bfc7f324fa', 0),
(180, 180, '2025-05-27 17:36:52', '7ab756fc17c94d4f0f67de67654ce644', NULL, '762323310ae36724a12e6521d97d9e27', 0),
(181, 181, '2025-05-28 12:01:37', 'a1d8a403e44ca438ee709b3ec34ff9c0', NULL, 'fcf1bc96f84c93712d44cbdd43ebabb6', 0),
(182, 182, '2025-05-28 14:10:48', '7580b391d06c8ff4207bcb76dfe1e892', '934490', 'b491c013120230aa6fc488677d73e084', 0),
(183, 183, '2025-05-28 17:06:23', 'a44234a614f7fc308b188cedef8c1f3d', NULL, '64bab0d6feed5dc71b437baee4c5dd5a', 0),
(184, 184, '2025-05-29 19:33:57', 'd8ad0f5effc97d6496fe550e9d9f8595', NULL, '9c8251e37bcdd720ca6962b5b73415dc', 0),
(185, 185, '2025-05-30 22:44:23', '7bac424d54caa82430e16ec4a8b1020c', NULL, 'fabc19759cb865a14b44df423ba72deb', 0),
(186, 186, '2025-05-31 12:12:49', '76933514a8529b7d91b5d6876f97c9f0', NULL, '6a685ba74205f676ea9dae16f109b480', 0),
(187, 187, '2025-05-31 20:20:24', 'dc17a6888093813c05d75ec1739cd0a0', '496993', 'dc17a6888093813c05d75ec1739cd0a0', 0),
(188, 188, '2025-06-17 15:35:05', '33a690bfa52ef2a89eef1b0c4142e9d7', NULL, 'f3cab45bc3b0e1afa076ce1e376a93af', 1),
(189, 189, '2025-09-18 20:10:51', 'a4b9529cd65b30c5498bfb44edf2be3c', NULL, 'a4b9529cd65b30c5498bfb44edf2be3c', 0),
(192, 192, '2025-09-18 21:24:26', '05c03af90f31cee540d5a2741a202235', NULL, '05c03af90f31cee540d5a2741a202235', 0);

--
-- Índices para tablas volcadas
--

--
-- Indices de la tabla `departamentos`
--
ALTER TABLE `departamentos`
  ADD PRIMARY KEY (`id`);

--
-- Indices de la tabla `municipios`
--
ALTER TABLE `municipios`
  ADD PRIMARY KEY (`id`);

--
-- Indices de la tabla `personas`
--
ALTER TABLE `personas`
  ADD PRIMARY KEY (`id`);

--
-- Indices de la tabla `sector_cultural`
--
ALTER TABLE `sector_cultural`
  ADD PRIMARY KEY (`id`);

--
-- Indices de la tabla `sub_sector_cultural`
--
ALTER TABLE `sub_sector_cultural`
  ADD PRIMARY KEY (`id`);

--
-- Indices de la tabla `tipo_identificacion`
--
ALTER TABLE `tipo_identificacion`
  ADD PRIMARY KEY (`id`);

--
-- Indices de la tabla `tipo_usuario`
--
ALTER TABLE `tipo_usuario`
  ADD PRIMARY KEY (`id`);

--
-- Indices de la tabla `trayectoria`
--
ALTER TABLE `trayectoria`
  ADD PRIMARY KEY (`id`);

--
-- Indices de la tabla `usuarios`
--
ALTER TABLE `usuarios`
  ADD PRIMARY KEY (`id`),
  ADD UNIQUE KEY `usuario_UNIQUE` (`usuario`);

--
-- AUTO_INCREMENT de las tablas volcadas
--

--
-- AUTO_INCREMENT de la tabla `departamentos`
--
ALTER TABLE `departamentos`
  MODIFY `id` int(11) NOT NULL AUTO_INCREMENT, AUTO_INCREMENT=35;

--
-- AUTO_INCREMENT de la tabla `municipios`
--
ALTER TABLE `municipios`
  MODIFY `id` int(11) NOT NULL AUTO_INCREMENT, AUTO_INCREMENT=1911;

--
-- AUTO_INCREMENT de la tabla `personas`
--
ALTER TABLE `personas`
  MODIFY `id` int(11) NOT NULL AUTO_INCREMENT, AUTO_INCREMENT=193;

--
-- AUTO_INCREMENT de la tabla `sector_cultural`
--
ALTER TABLE `sector_cultural`
  MODIFY `id` int(11) NOT NULL AUTO_INCREMENT, AUTO_INCREMENT=6;

--
-- AUTO_INCREMENT de la tabla `sub_sector_cultural`
--
ALTER TABLE `sub_sector_cultural`
  MODIFY `id` int(11) NOT NULL AUTO_INCREMENT, AUTO_INCREMENT=25;

--
-- AUTO_INCREMENT de la tabla `tipo_identificacion`
--
ALTER TABLE `tipo_identificacion`
  MODIFY `id` int(11) NOT NULL AUTO_INCREMENT, AUTO_INCREMENT=4;

--
-- AUTO_INCREMENT de la tabla `tipo_usuario`
--
ALTER TABLE `tipo_usuario`
  MODIFY `id` int(11) NOT NULL AUTO_INCREMENT, AUTO_INCREMENT=3;

--
-- AUTO_INCREMENT de la tabla `trayectoria`
--
ALTER TABLE `trayectoria`
  MODIFY `id` int(11) NOT NULL AUTO_INCREMENT, AUTO_INCREMENT=246;

--
-- AUTO_INCREMENT de la tabla `usuarios`
--
ALTER TABLE `usuarios`
  MODIFY `id` int(11) NOT NULL AUTO_INCREMENT, AUTO_INCREMENT=193;
COMMIT;

/*!40101 SET CHARACTER_SET_CLIENT=@OLD_CHARACTER_SET_CLIENT */;
/*!40101 SET CHARACTER_SET_RESULTS=@OLD_CHARACTER_SET_RESULTS */;
/*!40101 SET COLLATION_CONNECTION=@OLD_COLLATION_CONNECTION */;
